Div,Date,HomeTeam,AwayTeam,FTHG,FTAG,FTR,HTHG,HTAG,HTR,Referee,HS,AS,HST,AST,HF,AF,HC,AC,HY,AY,HR,AR,B365H,B365D,B365A,BWH,BWD,BWA,IWH,IWD,IWA,LBH,LBD,LBA,PSH,PSD,PSA,WHH,WHD,WHA,VCH,VCD,VCA,Bb1X2,BbMxH,BbAvH,BbMxD,BbAvD,BbMxA,BbAvA,BbOU,BbMx>2.5,BbAv>2.5,BbMx<2.5,BbAv<2.5,BbAH,BbAHh,BbMxAHH,BbAvAHH,BbMxAHA,BbAvAHA,PSCH,PSCD,PSCA
E1,04/08/17,Nott'm Forest,Millwall,1,0,H,1,0,H,P Bankes,11,23,2,6,13,15,5,4,0,1,0,0,2,3.6,4,1.9,3.5,3.9,1.95,3.35,3.7,2.05,3.4,3.9,2.06,3.48,3.96,2,3.3,3.8,2.05,3.6,3.9,41,2.1,2.01,3.6,3.42,4.2,3.8,39,2.13,2.04,1.84,1.76,20,-0.5,2.06,2.01,1.9,1.86,1.98,3.5,4.25
E1,04/08/17,Sunderland,Derby,1,1,D,1,1,D,O Langford,20,11,4,4,12,11,6,7,1,0,0,0,2.7,3.25,2.88,2.65,3.1,2.85,2.55,3.1,2.75,2.65,3.2,2.9,2.68,3.26,2.9,2.62,3.1,2.8,2.63,3.25,2.9,41,2.75,2.61,3.35,3.16,2.95,2.84,39,2.29,2.2,1.75,1.66,19,0,1.91,1.84,2.07,2.02,2.77,3.16,2.84
E1,05/08/17,Aston Villa,Hull,1,1,D,1,0,H,A Madley,12,14,5,5,13,11,5,3,2,0,0,0,2.1,3.4,4,2.05,3.2,3.7,2,3.2,3.75,2.05,3.1,3.7,2.09,3.39,3.97,2,3.4,3.8,2.1,3.4,4,41,2.1,2.05,3.4,3.3,4.06,3.78,35,2.41,2.28,1.65,1.6,18,-0.5,2.09,2.05,1.85,1.82,1.96,3.39,4.64
E1,05/08/17,Bristol City,Barnsley,3,1,H,3,0,H,A Davies,20,10,11,5,14,9,3,2,1,2,0,0,1.83,3.75,4.75,1.83,3.5,4.2,1.8,3.6,4.15,1.8,3.6,4.2,1.85,3.81,4.51,1.83,3.5,4.33,1.87,3.75,4.5,41,1.87,1.83,3.81,3.65,4.75,4.26,39,1.85,1.78,2.08,2.01,18,-0.5,1.85,1.82,2.11,2.05,1.61,4.18,6.3
E1,05/08/17,Burton,Cardiff,0,1,A,0,0,D,G Eltringham,3,16,0,6,13,15,4,6,1,0,0,0,3.1,3.3,2.5,2.8,3.25,2.45,2.95,3.1,2.4,3,3.1,2.4,3.15,3.26,2.49,3,3.1,2.5,3.13,3.3,2.5,41,3.15,3.02,3.3,3.17,2.6,2.44,35,2.31,2.24,1.67,1.62,17,0.25,1.84,1.79,2.13,2.08,3.26,3.27,2.45
E1,05/08/17,Fulham,Norwich,1,1,D,1,0,H,J Linington,16,19,3,5,12,10,7,1,3,2,0,0,2.05,3.75,3.75,2,3.4,3.6,2,3.55,3.4,2,3.6,3.4,2.05,3.81,3.64,2.05,3.5,3.5,2.1,3.7,3.6,41,2.1,2.03,3.81,3.6,3.75,3.51,39,1.8,1.69,2.28,2.13,18,-0.5,2.08,2.02,1.88,1.84,2.04,3.84,3.71
E1,05/08/17,Ipswich,Birmingham,1,0,H,0,0,D,T Robinson,12,12,2,3,11,14,8,2,1,1,0,0,2.5,3.4,3,2.3,3.2,3.1,2.35,3.1,2.95,2.4,3.1,3,2.47,3.3,3.16,2.4,3.1,3.1,2.45,3.4,3.1,41,2.55,2.44,3.4,3.19,3.16,3.02,36,2.27,2.18,1.72,1.65,17,-0.25,2.12,2.08,1.83,1.79,2.75,3.16,2.94
E1,05/08/17,Preston,Sheffield Weds,1,0,H,0,0,D,T Harrington,11,6,3,1,17,18,6,3,2,3,0,0,3,3.2,2.63,2.95,3.25,2.35,2.85,3.1,2.45,2.9,3.1,2.5,3.01,3.3,2.57,2.8,3.1,2.62,3,3.3,2.55,41,3.1,2.92,3.3,3.18,2.63,2.5,35,2.23,2.16,1.73,1.66,16,0,2.12,2.07,1.84,1.8,2.97,3.22,2.68
E1,05/08/17,QPR,Reading,2,0,H,1,0,H,S Duncan,11,4,4,2,17,12,10,1,1,2,0,1,2.5,3.4,3,2.4,3.2,2.95,2.35,3.2,2.9,2.37,3.25,3,2.48,3.41,3.04,2.5,3.2,2.9,2.45,3.4,3.1,41,2.55,2.42,3.41,3.28,3.1,2.96,38,2.05,1.99,1.88,1.79,18,-0.25,2.11,2.06,1.86,1.81,2.39,3.4,3.25
E1,05/08/17,Sheffield United,Brentford,1,0,H,1,0,H,S Martin,9,12,2,5,6,9,6,3,0,0,0,0,2.2,4,3.1,2.1,3.4,3.3,2.1,3.5,3.15,2.15,3.3,3.3,2.17,3.71,3.4,2.2,3.3,3.3,2.2,3.6,3.4,41,2.25,2.15,4,3.53,3.4,3.25,39,1.85,1.74,2.19,2.05,17,-0.25,1.91,1.87,2.04,1.99,2.34,3.64,3.14
E1,05/08/17,Wolves,Middlesbrough,1,0,H,1,0,H,D Bond,10,5,2,2,14,13,4,4,1,2,0,0,2.7,3.25,2.88,2.55,3.2,2.75,2.5,3.1,2.8,2.5,3,2.8,2.66,3.29,2.9,2.62,3.1,2.8,2.63,3.25,2.9,41,2.7,2.57,3.3,3.16,3,2.85,32,2.32,2.23,1.68,1.62,17,0,1.86,1.83,2.09,2.04,2.43,3.28,3.29
E1,06/08/17,Bolton,Leeds,2,3,A,1,3,A,S Hooper,10,11,4,5,9,14,6,8,1,0,0,0,3,3.4,2.5,2.8,3.25,2.45,2.75,3.15,2.5,2.8,3,2.5,2.89,3.33,2.64,2.9,3.2,2.5,2.88,3.3,2.5,39,3,2.82,3.4,3.22,2.65,2.53,36,2.24,2.14,1.76,1.68,16,0,2.11,2.03,1.88,1.83,3.38,3.32,2.36
E1,12/08/17,Barnsley,Ipswich,1,2,A,1,0,H,G Eltringham,25,9,10,2,11,14,11,7,1,2,0,0,2.55,3.3,3,2.45,3.2,2.85,2.4,3.15,2.85,2.45,3.1,2.9,2.5,3.33,3.08,2.6,3.1,2.8,2.55,3.25,3,41,2.6,2.47,3.33,3.2,3.08,2.92,39,2.16,2.06,1.81,1.74,17,-0.25,2.2,2.11,1.82,1.77,2.74,3.36,2.8
E1,12/08/17,Birmingham,Bristol City,2,1,H,1,1,D,D Bond,18,25,8,3,15,15,2,10,0,2,1,0,2.55,3.5,2.9,2.5,3.2,2.8,2.45,3.2,2.8,2.5,3.25,2.8,2.59,3.35,2.94,2.4,3.2,3,2.55,3.3,2.9,41,2.6,2.49,3.5,3.25,3,2.87,40,2.08,1.99,1.87,1.8,20,0,1.85,1.8,2.12,2.07,2.53,3.33,3.08
E1,12/08/17,Brentford,Nott'm Forest,3,4,A,1,2,A,J Linington,20,13,9,6,11,13,12,3,1,3,0,0,1.85,3.75,4.5,1.8,3.4,4.5,1.8,3.7,4,1.83,3.7,4,1.85,3.87,4.41,1.8,3.5,4,1.87,3.8,4.33,41,1.87,1.83,3.87,3.72,4.5,4.14,36,1.7,1.66,2.27,2.18,19,-0.5,1.86,1.82,2.11,2.04,1.74,4.02,5.08
E1,12/08/17,Cardiff,Aston Villa,3,0,H,1,0,H,T Robinson,15,10,12,1,9,9,4,7,0,1,0,0,2.7,3.2,2.9,2.55,3.2,2.75,2.5,3.05,2.8,2.62,3,2.8,2.65,3.17,3.01,2.7,3,2.8,2.7,3.2,2.9,41,2.7,2.6,3.2,3.08,3.01,2.87,35,2.49,2.37,1.6,1.56,18,0,1.88,1.83,2.08,2.03,2.57,3.18,3.15
E1,12/08/17,Derby,Wolves,0,2,A,0,1,A,L Probert,13,12,3,3,6,10,10,5,0,0,0,0,2.4,3.25,3.3,2.2,3.2,3.3,2.25,3,3.25,2.35,3,3.25,2.39,3.15,3.46,2.3,3.2,3.2,2.4,3.2,3.4,41,2.4,2.33,3.3,3.1,3.5,3.28,35,2.6,2.44,1.57,1.52,19,-0.25,2.05,2,1.91,1.86,2.58,3.14,3.18
E1,12/08/17,Hull,Burton,4,1,H,1,1,D,D England,27,6,11,2,13,6,5,2,2,1,0,1,1.67,3.8,6,1.6,3.9,5.25,1.6,3.7,5.25,1.61,3.7,5.75,1.65,3.95,6.1,1.62,3.6,6,1.67,3.8,6,41,1.7,1.63,3.95,3.76,6.1,5.59,39,2.13,2.03,1.85,1.76,19,-0.75,1.86,1.82,2.11,2.04,1.77,3.78,5.27
E1,12/08/17,Leeds,Preston,0,0,D,0,0,D,S Duncan,12,9,4,1,14,14,6,4,1,1,0,1,2.05,3.5,4,2.05,3.25,3.6,2,3.25,3.65,2,3.25,3.8,2.07,3.44,3.98,2.05,3.3,3.75,2.05,3.4,4,41,2.07,2.04,3.5,3.34,4,3.76,39,2.2,2.09,1.79,1.71,19,-0.5,2.08,2.03,1.87,1.83,2.02,3.6,4.04
E1,12/08/17,Middlesbrough,Sheffield United,1,0,H,1,0,H,P Bankes,15,7,2,3,19,11,4,3,1,1,0,0,1.91,3.5,4.75,1.85,3.4,4.25,1.85,3.3,4.25,1.83,3.3,4.5,1.88,3.38,5.02,1.83,3.4,4.5,1.91,3.5,4.6,41,1.91,1.87,3.5,3.36,5.02,4.5,37,2.29,2.19,1.71,1.65,19,-0.5,1.9,1.87,2.04,1.99,2,3.34,4.52
E1,12/08/17,Millwall,Bolton,1,1,D,0,0,D,A Davies,14,5,8,2,14,16,4,0,2,3,0,0,2.1,3.4,4,2,3.25,3.75,1.95,3.3,3.75,2,3.3,3.8,2.02,3.49,4.1,2,3.3,3.8,2.05,3.4,3.9,40,2.1,2.02,3.5,3.35,4.1,3.79,39,2.13,2.05,1.81,1.74,19,-0.5,2.05,2.01,1.9,1.85,1.9,3.46,4.88
E1,12/08/17,Reading,Fulham,1,1,D,0,0,D,S Hooper,23,6,6,3,18,7,9,3,3,1,0,1,3.75,3.75,2.05,3.5,3.5,2,3.35,3.55,2,3.4,3.6,2,3.61,3.72,2.09,3.3,3.5,2.1,3.5,3.75,2.1,41,3.75,3.46,3.75,3.59,2.1,2.05,36,1.69,1.64,2.26,2.2,19,0.5,1.85,1.82,2.09,2.05,3.68,3.52,2.16
E1,12/08/17,Sheffield Weds,QPR,1,1,D,0,1,A,C Kavanagh,14,10,4,4,10,16,4,1,0,3,0,0,1.83,3.6,5,1.75,3.5,4.6,1.75,3.5,4.4,1.8,3.5,4.6,1.86,3.52,4.9,1.8,3.5,4.5,1.8,3.6,4.8,41,1.87,1.81,3.6,3.5,5,4.56,40,2.12,2.03,1.84,1.76,19,-0.5,1.86,1.8,2.11,2.06,1.88,3.58,4.8
E1,13/08/17,Norwich,Sunderland,1,3,A,0,1,A,A Madley,14,9,3,5,16,18,13,1,0,1,0,0,1.85,3.75,4.5,1.8,3.6,4.25,1.8,3.55,4.15,1.8,3.6,4.33,1.81,3.88,4.62,1.8,3.5,4.5,1.85,3.75,4.6,39,1.86,1.82,3.88,3.64,4.62,4.31,37,1.96,1.87,2,1.91,20,-0.5,1.85,1.81,2.11,2.06,1.96,3.76,4.08
E1,15/08/17,Barnsley,Nott'm Forest,2,1,H,1,1,D,T Harrington,13,26,5,7,13,9,2,9,2,1,0,0,2.88,3.5,2.55,2.75,3.3,2.5,2.7,3.35,2.45,2.75,3.5,2.55,2.86,3.42,2.64,2.7,3.3,2.6,2.88,3.5,2.55,39,2.88,2.76,3.53,3.38,2.64,2.52,35,1.81,1.72,2.19,2.1,19,0,2.08,2.03,1.88,1.83,3.04,3.66,2.39
E1,15/08/17,Birmingham,Bolton,0,0,D,0,0,D,D England,10,12,0,2,13,8,7,4,1,1,0,0,1.91,3.4,4.75,1.8,3.4,4.6,1.85,3.3,4.2,1.91,3.4,4.5,1.93,3.45,4.74,1.91,3.3,4.33,1.83,3.5,4.5,39,1.96,1.89,3.5,3.36,4.75,4.38,37,2.25,2.14,1.74,1.69,20,-0.5,1.94,1.9,2.01,1.96,1.93,3.38,4.84
E1,15/08/17,Brentford,Bristol City,2,2,D,0,1,A,P Bankes,24,8,10,5,16,13,5,3,2,3,0,0,2.05,3.9,3.5,2.05,3.4,3.5,2,3.65,3.25,2.05,3.8,3.4,2.04,3.92,3.63,2,3.75,3.4,2.1,3.9,3.4,39,2.1,2.02,3.93,3.72,3.63,3.42,33,1.55,1.52,2.57,2.46,20,-0.5,2.07,2.03,1.89,1.84,2.36,3.75,3.03
E1,15/08/17,Cardiff,Sheffield United,2,0,H,1,0,H,L Mason,19,13,6,4,11,8,7,6,2,1,0,0,1.91,3.6,4.5,1.83,3.4,4.4,1.85,3.35,4.2,1.91,3.5,4.6,1.89,3.64,4.62,1.85,3.5,4.33,1.9,3.6,4.6,39,2,1.88,3.64,3.46,4.62,4.29,35,2.17,2.12,1.79,1.71,20,-0.5,1.95,1.86,2.07,2,1.9,3.51,4.78
E1,15/08/17,Derby,Preston,1,0,H,0,0,D,G Eltringham,15,9,5,4,14,15,4,4,2,3,0,0,2,3.4,4.33,1.91,3.4,4,1.95,3.25,3.85,2,3.4,4.2,1.99,3.52,4.29,2,3.25,4,2,3.4,4.2,39,2.05,1.98,3.52,3.35,4.33,4,37,2.19,2.12,1.78,1.71,20,-0.5,2,1.97,1.95,1.9,1.97,3.55,4.32
E1,15/08/17,Hull,Wolves,2,3,A,1,2,A,J Simpson,11,8,4,4,11,8,4,4,2,4,0,0,2.65,3.25,2.9,2.5,3.2,2.8,2.55,3.05,2.8,2.62,3.2,2.9,2.63,3.26,3,2.6,3.1,2.88,2.6,3.25,3,39,2.7,2.58,3.3,3.16,3,2.86,35,2.31,2.25,1.69,1.63,19,0,1.85,1.82,2.09,2.05,2.71,3.17,2.98
E1,15/08/17,Leeds,Fulham,0,0,D,0,0,D,D Bond,9,15,1,1,12,10,3,3,2,1,0,0,2.5,3.6,2.88,2.45,3.2,2.85,2.4,3.3,2.75,2.45,3.5,2.9,2.54,3.45,2.97,2.5,3.3,2.8,2.5,3.5,2.9,39,2.59,2.46,3.6,3.37,3,2.85,36,1.88,1.81,2.05,1.98,19,0,1.83,1.79,2.12,2.08,2.36,3.47,3.25
E1,15/08/17,Middlesbrough,Burton,2,0,H,1,0,H,T Robinson,16,3,6,0,10,12,3,7,1,2,0,1,1.45,4.5,8.5,1.45,4.25,6.75,1.45,4.1,6.75,1.5,4.25,7.5,1.47,4.52,8.33,1.44,4.2,8,1.45,4.33,8,39,1.5,1.46,4.52,4.28,8.5,7.44,38,2.01,1.91,1.94,1.88,18,-1.25,2.12,2.08,1.83,1.8,1.45,4.5,8.94
E1,15/08/17,Millwall,Ipswich,3,4,A,2,3,A,J Linington,23,8,6,4,17,19,8,3,1,4,0,0,2.1,3.4,3.9,2.1,3.2,3.5,2.05,3.15,3.7,2.1,3.25,3.9,2.02,3.46,4.19,2.1,3.1,3.8,2.05,3.4,4.1,39,2.1,2.05,3.46,3.28,4.2,3.83,34,2.31,2.24,1.72,1.63,19,-0.25,1.79,1.74,2.22,2.15,2.04,3.39,4.25
E1,15/08/17,Reading,Aston Villa,2,1,H,0,0,D,K Friend,14,10,5,3,9,10,4,1,2,2,0,0,2.9,3.2,2.7,2.75,3.2,2.55,2.7,3,2.65,2.87,3.1,2.75,2.87,3.2,2.78,2.8,3.1,2.62,2.9,3.2,2.7,39,2.92,2.8,3.2,3.1,2.78,2.67,33,2.49,2.37,1.62,1.57,19,0,2.02,1.98,1.93,1.89,3.03,3.27,2.6
E1,16/08/17,Norwich,QPR,2,0,H,0,0,D,O Langford,14,9,6,3,9,9,8,3,1,1,0,0,1.85,3.8,4.5,1.78,3.7,4.2,1.8,3.6,4.1,1.8,3.7,4.2,1.82,3.9,4.56,1.8,3.75,4.2,1.87,3.8,4.4,39,1.87,1.81,3.9,3.7,4.56,4.27,37,1.77,1.71,2.21,2.09,17,-0.75,2.09,2.05,1.85,1.81,1.74,4.13,4.9
E1,16/08/17,Sheffield Weds,Sunderland,1,1,D,0,1,A,S Martin,17,8,4,2,7,12,9,3,0,1,0,0,2.15,3.4,3.7,2,3.25,3.75,2.05,3.2,3.55,2.1,3.2,3.6,2.17,3.42,3.69,2.15,3.25,3.5,2.15,3.4,3.75,38,2.2,2.11,3.5,3.31,3.8,3.58,34,2.25,2.17,1.71,1.66,17,-0.25,1.85,1.81,2.1,2.05,2.32,3.37,3.42
E1,18/08/17,Burton,Birmingham,2,1,H,0,1,A,T Harrington,12,16,6,5,10,11,4,5,1,0,0,0,3,3.2,2.63,2.85,3.2,2.6,2.85,3.05,2.5,3,3.1,2.62,3.02,3.24,2.63,2.8,3.1,2.62,3,3.2,2.63,35,3.04,2.92,3.24,3.11,2.7,2.58,31,2.4,2.32,1.67,1.6,17,0,2.11,2.07,1.83,1.81,3.57,3.34,2.27
E1,19/08/17,Aston Villa,Norwich,4,2,H,2,0,H,J Simpson,20,9,8,3,14,11,3,3,1,3,0,0,2.4,3.4,3.2,2.3,3.2,3.1,2.3,3.2,3,2.35,3.25,3,2.42,3.37,3.17,2.4,3.1,3.1,2.45,3.3,3.13,35,2.45,2.37,3.4,3.25,3.25,3.04,33,2.04,1.97,1.9,1.81,15,-0.25,2.08,2.04,1.86,1.83,2.58,3.41,2.95
E1,19/08/17,Bolton,Derby,1,2,A,0,2,A,S Martin,7,10,1,2,12,10,3,2,2,1,0,0,3.6,3.4,2.2,3.4,3.25,2.15,3.5,3.15,2.1,3.6,3.1,2.15,3.75,3.36,2.17,3.6,3.3,2.1,3.75,3.4,2.15,35,3.75,3.53,3.4,3.25,2.25,2.14,30,2.31,2.2,1.71,1.64,15,0.25,2.09,2.03,1.87,1.83,3.71,3.4,2.19
E1,19/08/17,Bristol City,Millwall,0,0,D,0,0,D,D England,10,14,3,3,14,18,5,16,3,2,0,0,1.95,3.75,4,1.95,3.5,3.7,1.9,3.45,3.75,1.95,3.5,3.7,2.02,3.63,3.93,1.91,3.6,3.8,2,3.6,3.9,35,2.02,1.95,3.75,3.52,4,3.82,32,1.86,1.78,2.1,2.02,17,-0.5,2.02,1.96,1.95,1.91,2.03,3.67,3.86
E1,19/08/17,Fulham,Sheffield Weds,0,1,A,0,0,D,S Attwell,8,8,2,3,12,11,6,3,2,0,0,0,1.91,3.75,4.2,1.85,3.6,4,1.9,3.5,3.75,1.95,3.5,3.7,2,3.66,3.98,1.95,3.4,4,1.91,3.75,3.9,35,2,1.93,3.75,3.54,4.2,3.88,32,1.87,1.78,2.12,2.01,17,-0.5,2,1.95,1.96,1.91,1.91,3.7,4.44
E1,19/08/17,Ipswich,Brentford,2,0,H,1,0,H,O Langford,5,22,3,6,14,10,6,11,1,2,0,0,2.9,3.7,2.45,2.8,3.5,2.35,2.8,3.5,2.3,2.87,3.5,2.3,3.04,3.77,2.32,2.88,3.6,2.3,2.9,3.7,2.4,35,3.04,2.87,3.77,3.54,2.55,2.34,29,1.67,1.59,2.5,2.31,15,0,2.25,2.16,1.78,1.73,2.93,3.71,2.44
E1,19/08/17,Nott'm Forest,Middlesbrough,2,1,H,1,0,H,G Scott,11,17,3,7,5,22,5,5,2,4,0,0,3.2,3.3,2.45,3.25,3.25,2.2,3.05,3.2,2.3,3.2,3.2,2.3,3.17,3.34,2.43,3.2,3.2,2.3,3,3.3,2.55,35,3.28,3.06,3.35,3.24,2.55,2.36,33,2.13,2.03,1.84,1.77,15,0.25,1.86,1.8,2.16,2.07,2.89,3.37,2.65
E1,19/08/17,Preston,Reading,1,0,H,1,0,H,A Madley,21,7,8,1,17,18,4,5,2,3,0,0,2.3,3.4,3.4,2.15,3.2,3.4,2.15,3.25,3.2,2.2,3.3,3.3,2.21,3.51,3.47,2.3,3.2,3.2,2.25,3.3,3.4,35,2.3,2.21,3.51,3.3,3.47,3.28,33,2.06,1.98,1.91,1.8,15,-0.25,1.95,1.9,2,1.96,2.24,3.54,3.45
E1,19/08/17,QPR,Hull,2,1,H,0,1,A,J Linington,11,12,5,6,17,14,11,5,3,3,0,0,2.63,3.3,2.9,2.45,3.25,2.8,2.5,3.15,2.8,2.55,3.2,2.8,2.6,3.34,2.93,2.62,3.1,2.8,2.63,3.3,2.9,35,2.63,2.55,3.34,3.19,2.94,2.82,32,2.2,2.09,1.79,1.71,16,0,1.87,1.84,2.1,2.03,2.48,3.4,3.1
E1,19/08/17,Sheffield United,Barnsley,1,0,H,1,0,H,T Robinson,18,11,6,1,7,10,12,2,3,3,1,1,1.8,3.75,5,1.7,3.6,5,1.7,3.65,4.45,1.75,3.7,4.5,1.78,3.92,4.84,1.75,3.5,5,1.8,3.8,4.75,35,1.8,1.75,3.92,3.67,5,4.67,32,1.83,1.75,2.14,2.04,15,-0.75,2.03,1.98,1.95,1.88,1.7,4.1,5.35
E1,19/08/17,Sunderland,Leeds,0,2,A,0,1,A,A Davies,12,8,1,5,13,9,7,4,3,1,0,0,2.25,3.4,3.5,2.15,3.4,3.2,2.15,3.25,3.25,2.15,3.2,3.4,2.23,3.43,3.51,2.25,3.3,3.2,2.25,3.3,3.5,35,2.3,2.2,3.45,3.3,3.51,3.31,32,2.13,2.02,1.85,1.77,17,-0.25,1.95,1.9,2.01,1.97,2.2,3.45,3.64
E1,19/08/17,Wolves,Cardiff,1,2,A,0,0,D,S Duncan,12,17,3,5,14,13,2,4,2,4,0,0,2.05,3.5,4,1.95,3.5,3.75,1.95,3.3,3.8,2,3.2,3.9,2.04,3.42,4.12,2,3.25,4,2.05,3.5,4,35,2.05,1.99,3.5,3.33,4.13,3.88,32,2.25,2.14,1.75,1.69,17,-0.5,2.05,2,1.92,1.87,2.08,3.39,4.1
E1,25/08/17,Bristol City,Aston Villa,1,1,D,0,0,D,G Eltringham,12,12,5,4,11,16,8,1,1,1,0,0,2.3,3.4,3.4,2.15,3.25,3.4,2.2,3.25,3.2,2.3,3.4,3.3,2.3,3.45,3.39,2.25,3.2,3.3,2.3,3.4,3.3,35,2.4,2.27,3.45,3.31,3.44,3.25,33,2.07,2,1.9,1.8,15,-0.25,1.99,1.95,1.95,1.93,2.45,3.45,3.11
E1,25/08/17,Hull,Bolton,4,0,H,3,0,H,O Langford,7,9,5,5,8,15,5,5,1,1,0,0,1.75,3.75,5.25,1.75,3.5,4.6,1.7,3.55,4.6,1.75,3.7,5,1.76,3.87,5.12,1.75,3.5,5,1.8,3.6,5,35,1.8,1.75,3.87,3.65,5.3,4.85,33,2.03,1.95,1.91,1.85,14,-0.75,2,1.97,1.96,1.9,1.82,3.75,4.9
E1,26/08/17,Barnsley,Sunderland,3,0,H,2,0,H,C Kavanagh,11,11,6,3,11,7,7,3,1,3,0,0,3.6,3.6,2.15,3.5,3.5,2,3.35,3.4,2.05,3.4,3.5,2.05,3.51,3.79,2.1,3.3,3.4,2.15,3.5,3.6,2.15,35,3.65,3.44,3.79,3.52,2.15,2.08,34,1.82,1.77,2.14,2.03,14,0.5,1.83,1.8,2.13,2.09,3.87,3.75,2.02
E1,26/08/17,Birmingham,Reading,0,2,A,0,0,D,S Martin,14,13,2,5,10,5,4,3,0,0,0,0,2.2,3.4,3.6,2.1,3.25,3.5,2.1,3.15,3.45,2.1,3.2,3.6,2.15,3.35,3.82,2.2,3.3,3.3,2.15,3.4,3.7,35,2.2,2.14,3.4,3.27,3.82,3.55,34,2.25,2.16,1.76,1.68,14,-0.25,1.87,1.84,2.07,2.03,2.22,3.44,3.58
E1,26/08/17,Brentford,Wolves,0,0,D,0,0,D,T Robinson,14,15,2,4,11,10,8,6,1,1,0,0,2.5,3.6,2.88,2.4,3.25,2.9,2.35,3.4,2.8,2.37,3.5,2.8,2.43,3.54,3.02,2.5,3.3,2.8,2.45,3.6,2.9,35,2.5,2.4,3.6,3.45,3.02,2.85,33,1.75,1.7,2.23,2.13,14,-0.25,2.11,2.08,1.86,1.81,2.66,3.6,2.72
E1,26/08/17,Burton,Sheffield Weds,1,1,D,0,1,A,D Bond,12,11,4,3,7,17,6,5,0,2,0,0,4,3.4,2.1,3.7,3.3,2,3.7,3.2,2,3.8,3.2,2.05,4.1,3.38,2.06,3.75,3.2,2.1,3.9,3.4,2.1,35,4.1,3.8,3.4,3.27,2.1,2.05,33,2.28,2.18,1.72,1.67,14,0.5,1.86,1.83,2.07,2.05,4.01,3.53,2.05
E1,26/08/17,Cardiff,QPR,2,1,H,2,1,H,S Hooper,17,8,8,1,12,16,8,2,0,1,0,0,1.8,3.7,5,1.72,3.6,4.75,1.75,3.5,4.55,1.8,3.5,4.6,1.8,3.7,5.05,1.8,3.3,5,1.83,3.7,4.8,35,1.83,1.77,3.75,3.58,5.16,4.8,34,2.07,1.99,1.86,1.81,14,-0.75,2.07,2.02,1.9,1.85,1.73,4.03,5.18
E1,26/08/17,Ipswich,Fulham,0,2,A,0,1,A,P Tierney,6,18,2,7,18,12,5,6,1,0,0,0,3.6,3.7,2.1,3.25,3.4,2.15,3.2,3.45,2.1,3.3,3.5,2.1,3.6,3.78,2.07,3.2,3.5,2.15,3.4,3.7,2.15,35,3.6,3.34,3.78,3.57,2.2,2.1,34,1.74,1.68,2.25,2.17,14,0.25,2.14,2.06,1.86,1.82,3.67,3.66,2.11
E1,26/08/17,Middlesbrough,Preston,0,0,D,0,0,D,D England,5,12,1,3,13,16,3,8,1,2,0,0,1.8,3.6,5.25,1.75,3.4,5,1.75,3.5,4.45,1.75,3.5,4.6,1.79,3.64,5.19,1.8,3.3,5,1.8,3.7,5,35,1.8,1.77,3.75,3.54,5.25,4.81,34,2.06,1.99,1.87,1.8,14,-0.75,2.05,2.01,1.89,1.86,1.78,3.69,5.31
E1,26/08/17,Millwall,Norwich,4,0,H,3,0,H,T Harrington,11,15,5,7,13,7,5,6,2,1,0,0,2.7,3.5,2.7,2.6,3.5,2.5,2.55,3.35,2.6,2.6,3.4,2.6,2.65,3.52,2.75,2.7,3.2,2.62,2.63,3.5,2.75,35,2.75,2.61,3.52,3.39,2.75,2.64,34,1.86,1.79,2.11,2,14,0,1.95,1.91,2.01,1.97,2.75,3.61,2.64
E1,26/08/17,Nott'm Forest,Leeds,0,2,A,0,1,A,J Simpson,5,18,1,4,10,11,4,2,3,2,0,0,2.6,3.4,2.88,2.5,3.1,2.85,2.45,3.25,2.7,2.45,3.3,2.8,2.56,3.42,2.92,2.5,3.4,2.75,2.55,3.4,2.9,35,2.6,2.5,3.45,3.33,2.92,2.81,34,1.98,1.9,1.98,1.9,14,-0.25,2.21,2.17,1.78,1.74,2.53,3.58,2.9
E1,26/08/17,Sheffield United,Derby,3,1,H,2,0,H,A Madley,5,15,4,2,15,12,6,2,3,3,0,0,2.75,3.3,2.8,2.55,3.2,2.75,2.6,3.1,2.7,2.65,3.1,2.7,2.71,3.29,2.84,2.62,3.2,2.7,2.75,3.3,2.8,35,2.75,2.64,3.31,3.2,2.85,2.75,33,2.25,2.14,1.73,1.69,14,0,1.95,1.91,2,1.96,2.91,3.28,2.69
E1,08/09/17,Derby,Hull,5,0,H,4,0,H,D Bond,15,18,7,3,16,7,3,9,0,0,0,0,2.15,3.4,3.8,2,3.5,3.8,2.05,3.3,3.5,2.15,3.4,3.7,2.15,3.5,3.72,2,3.4,3.75,2.2,3.4,3.6,34,2.2,2.11,3.5,3.35,3.8,3.58,32,2.1,2.03,1.85,1.77,15,-0.25,1.88,1.84,2.09,2.04,2.19,3.5,3.6
E1,09/09/17,Aston Villa,Brentford,0,0,D,0,0,D,S Duncan,10,18,1,5,10,14,5,4,0,0,0,0,2,3.6,4,2,3.4,3.6,1.95,3.4,3.65,1.95,3.5,3.7,2.04,3.48,4.06,1.91,3.5,4,2,3.6,3.9,34,2.05,1.97,3.7,3.47,4.06,3.79,32,1.88,1.8,2.07,2,14,-0.5,2.04,1.99,1.95,1.89,1.85,3.86,4.5
E1,09/09/17,Bolton,Middlesbrough,0,3,A,0,1,A,G Eltringham,9,14,4,5,10,14,4,7,1,1,0,0,4.2,3.3,2.05,3.9,3.3,1.95,3.8,3.2,2,3.9,3.2,2,4.13,3.38,2.05,4,3.4,1.95,4,3.3,2.1,34,4.2,3.88,3.4,3.27,2.1,2.02,29,2.3,2.22,1.71,1.64,13,0.5,1.86,1.84,2.09,2.04,4.8,3.4,1.93
E1,09/09/17,Fulham,Cardiff,1,1,D,0,0,D,T Harrington,12,11,4,2,18,22,5,2,4,3,0,0,2.2,3.5,3.5,2,3.5,3.5,2.1,3.4,3.25,2.1,3.5,3.3,2.2,3.6,3.41,2.05,3.5,3.5,2.2,3.5,3.4,34,2.2,2.12,3.6,3.45,3.5,3.34,31,1.79,1.74,2.16,2.07,14,-0.25,1.91,1.86,2.06,2.02,2.28,3.58,3.31
E1,09/09/17,Leeds,Burton,5,0,H,3,0,H,O Langford,30,1,10,0,11,12,10,1,0,1,0,0,1.57,4,7,1.55,3.9,6,1.5,3.85,6,1.53,3.9,6.5,1.55,4.24,6.99,1.53,4,6.5,1.57,4,7,34,1.58,1.54,4.24,3.94,7,6.34,32,2.04,1.97,1.93,1.82,14,-1,2,1.94,1.96,1.92,1.65,3.73,6.92
E1,09/09/17,Norwich,Birmingham,1,0,H,1,0,H,S Hooper,14,9,4,1,15,18,5,6,1,5,0,0,1.85,3.8,4.5,1.85,3.5,4.1,1.8,3.6,4.1,1.83,3.7,4,1.8,3.97,4.6,1.85,3.5,4.2,1.87,3.8,4.33,34,1.87,1.82,3.97,3.67,4.6,4.21,31,1.78,1.71,2.23,2.11,14,-0.5,1.85,1.82,2.13,2.06,1.74,4.18,4.84
E1,09/09/17,Preston,Barnsley,1,1,D,1,1,D,P Bankes,17,10,5,3,12,12,10,2,1,2,0,0,1.67,3.9,6,1.62,3.9,5,1.6,3.9,5,1.61,3.9,5.25,1.62,4.15,5.98,1.62,3.8,5.5,1.65,4,5.75,34,1.67,1.62,4.15,3.9,6,5.39,31,1.82,1.75,2.13,2.05,12,-0.75,1.82,1.78,2.17,2.12,1.66,4.19,5.54
E1,09/09/17,QPR,Ipswich,2,1,H,1,0,H,A Davies,21,12,8,2,14,11,9,4,1,2,0,0,1.95,3.6,4.2,1.95,3.5,3.75,1.95,3.4,3.7,1.95,3.4,3.8,1.98,3.64,4.07,2,3.3,3.75,2,3.6,4,34,2,1.96,3.65,3.47,4.2,3.82,32,1.98,1.91,1.94,1.88,14,-0.5,1.99,1.96,1.95,1.91,2.07,3.62,3.84
E1,09/09/17,Reading,Bristol City,0,1,A,0,0,D,J Linington,15,7,5,2,10,10,3,4,1,1,0,0,2.4,3.6,3,2.4,3.3,2.85,2.35,3.3,2.85,2.4,3.3,2.87,2.48,3.49,2.98,2.45,3.3,2.88,2.5,3.6,2.9,34,2.5,2.4,3.6,3.35,3.1,2.91,32,1.88,1.8,2.07,1.99,13,-0.25,2.13,2.1,1.82,1.8,2.49,3.63,2.91
E1,09/09/17,Sheffield Weds,Nott'm Forest,3,1,H,1,1,D,A Madley,18,11,7,5,5,13,8,4,1,0,0,0,1.85,3.6,4.75,1.8,3.4,4.5,1.8,3.45,4.25,1.8,3.5,4.5,1.88,3.61,4.65,1.85,3.5,4.33,1.87,3.75,4.5,34,1.91,1.83,3.75,3.51,4.75,4.42,32,2.04,1.98,1.88,1.82,14,-0.5,1.88,1.84,2.07,2.04,1.88,3.77,4.51
E1,09/09/17,Sunderland,Sheffield United,1,2,A,0,1,A,J Simpson,5,8,1,5,13,13,2,4,1,2,0,0,2.2,3.4,3.6,2.15,3.2,3.4,2.15,3.2,3.35,2.15,3.25,3.5,2.18,3.42,3.64,2.15,3.25,3.5,2.2,3.4,3.6,34,2.2,2.15,3.42,3.29,3.64,3.44,31,2.16,2.09,1.79,1.73,14,-0.25,1.88,1.85,2.05,2.02,2.2,3.43,3.67
E1,09/09/17,Wolves,Millwall,1,0,H,1,0,H,R Madley,19,8,8,2,11,9,6,4,1,1,0,1,1.8,3.75,5,1.75,3.6,4.6,1.75,3.5,4.5,1.8,3.5,4.5,1.81,3.73,4.81,1.8,3.6,4.5,1.83,3.75,4.8,34,1.85,1.79,3.75,3.58,5,4.55,32,2.06,1.99,1.88,1.8,13,-0.75,2.09,2.04,1.86,1.83,1.83,3.72,4.93
E1,12/09/17,Aston Villa,Middlesbrough,0,0,D,0,0,D,J Linington,18,5,6,2,12,11,6,5,2,1,1,1,2.63,3.2,3,2.5,3.2,2.8,2.5,3.05,2.85,2.55,3,3,2.58,3.18,3.1,2.62,3.1,2.8,2.55,3.2,3.1,38,2.65,2.53,3.2,3.1,3.1,2.93,32,2.54,2.42,1.59,1.54,16,-0.25,2.21,2.15,1.78,1.74,2.53,3.17,3.24
E1,12/09/17,Bolton,Sheffield United,0,1,A,0,1,A,S Attwell,13,8,2,3,14,14,3,2,3,1,0,0,3.5,3.3,2.3,3.2,3.25,2.2,3.15,3.2,2.2,3.3,3.2,2.25,3.39,3.35,2.29,3.1,3.3,2.3,3.4,3.3,2.3,38,3.5,3.25,3.35,3.26,2.3,2.25,35,2.19,2.09,1.8,1.73,16,0.25,1.96,1.92,1.99,1.94,3.57,3.4,2.24
E1,12/09/17,Leeds,Birmingham,2,0,H,1,0,H,P Bankes,17,14,5,5,8,14,2,8,1,3,0,0,1.7,3.9,5.5,1.67,3.7,5,1.65,3.65,5,1.7,3.6,5,1.7,3.94,5.46,1.7,3.75,5,1.7,3.9,5.5,38,1.73,1.69,3.94,3.74,5.5,5.1,36,2.04,1.96,1.91,1.83,16,-0.75,1.95,1.89,2.03,1.97,1.79,3.7,5.22
E1,12/09/17,Norwich,Burton,0,0,D,0,0,D,A Davies,18,7,2,2,16,5,10,3,3,2,0,0,1.4,5.2,8.5,1.42,4.5,7,1.4,4.6,7,1.4,4.6,7.5,1.42,5.03,8.22,1.4,4.5,8,1.4,5,8,38,1.45,1.4,5.2,4.75,9,7.66,32,1.62,1.58,2.43,2.32,16,-1.25,1.95,1.9,2,1.96,1.47,4.96,7.12
E1,12/09/17,Preston,Cardiff,3,0,H,1,0,H,O Langford,16,10,7,1,14,15,5,4,3,3,0,0,2.8,3.4,2.7,2.75,3.25,2.5,2.65,3.1,2.6,2.75,3.2,2.55,2.82,3.29,2.73,2.7,3.25,2.6,2.8,3.4,2.7,38,2.9,2.74,3.4,3.21,2.8,2.64,35,2.19,2.07,1.81,1.73,16,0,2.02,1.97,1.94,1.89,2.8,3.38,2.72
E1,12/09/17,QPR,Millwall,2,2,D,0,1,A,R East,31,14,14,5,15,18,7,5,2,5,0,1,2.38,3.4,3.2,2.2,3.25,3.25,2.3,3.25,3,2.3,3.3,3,2.37,3.36,3.28,2.3,3.3,3.1,2.38,3.4,3.13,38,2.38,2.32,3.45,3.32,3.28,3.09,36,2,1.91,1.96,1.88,17,-0.25,2.06,2,1.9,1.86,2.32,3.31,3.48
E1,12/09/17,Sheffield Weds,Brentford,2,1,H,1,1,D,J Simpson,16,17,8,5,11,11,8,8,3,0,0,0,2.05,3.6,3.8,1.95,3.5,3.7,2,3.45,3.4,2.05,3.5,3.5,2.08,3.71,3.65,2.05,3.4,3.6,2.1,3.6,3.6,38,2.15,2.04,3.71,3.53,3.8,3.52,35,1.8,1.74,2.17,2.06,16,-0.25,1.82,1.78,2.14,2.09,2.05,3.75,3.76
E1,12/09/17,Sunderland,Nott'm Forest,0,1,A,0,0,D,S Hooper,14,8,3,2,13,12,6,4,1,1,0,0,2.1,3.6,3.7,1.95,3.4,3.75,2,3.45,3.55,1.95,3.5,3.75,2.11,3.64,3.62,2,3.4,3.75,2.15,3.7,3.5,38,2.15,2.04,3.7,3.49,3.85,3.58,36,1.91,1.84,2.04,1.95,17,-0.25,1.87,1.81,2.21,2.06,2.21,3.4,3.65
E1,12/09/17,Wolves,Bristol City,3,3,D,1,1,D,S Martin,21,12,6,4,15,9,9,8,1,2,0,0,1.85,3.75,4.5,1.78,3.6,4.25,1.8,3.5,4.2,1.83,3.5,4.25,1.86,3.73,4.55,1.85,3.5,4.33,1.87,3.7,4.6,38,1.88,1.83,3.75,3.59,4.65,4.33,36,1.99,1.9,1.95,1.88,17,-0.5,1.86,1.82,2.09,2.04,1.89,3.59,4.69
E1,13/09/17,Fulham,Hull,2,1,H,1,0,H,T Robinson,16,10,4,6,8,15,6,3,0,0,0,0,1.85,3.8,4.5,1.75,3.75,4.33,1.75,3.65,4.15,1.8,3.7,4.2,1.85,3.98,4.25,1.85,3.75,4,1.87,3.8,4.4,37,1.87,1.81,3.98,3.73,4.5,4.19,35,1.77,1.69,2.21,2.13,15,-0.5,1.85,1.8,2.12,2.06,1.92,3.89,4.15
E1,16/09/17,Barnsley,Aston Villa,0,3,A,0,2,A,S Hooper,12,10,2,7,8,11,6,1,1,2,0,0,3.6,3.6,2.15,3.4,3.5,2.05,3.35,3.45,2.05,3.4,3.4,2.05,3.63,3.65,2.1,3.4,3.4,2.1,3.6,3.5,2.15,36,3.63,3.44,3.65,3.47,2.15,2.07,34,1.86,1.81,2.05,1.97,13,0.25,2.13,2.08,1.83,1.79,3.96,3.8,1.98
E1,16/09/17,Birmingham,Preston,1,3,A,1,0,H,K Stroud,6,14,2,6,7,18,7,5,2,4,0,0,2.5,3.4,3,2.5,3.2,2.8,2.5,3.15,2.75,2.5,3.1,2.87,2.64,3.33,2.89,2.6,3.2,2.75,2.6,3.4,2.9,36,2.64,2.53,3.4,3.22,3,2.82,33,2.17,2.12,1.77,1.7,13,-0.25,2.25,2.19,1.75,1.71,2.52,3.33,3.09
E1,16/09/17,Brentford,Reading,1,1,D,1,0,H,T Harrington,20,10,6,2,18,17,3,6,3,4,0,0,2.1,3.75,3.6,2.05,3.4,3.5,2,3.5,3.45,2.05,3.6,3.4,2.09,3.69,3.63,2.05,3.5,3.5,2.1,3.75,3.6,36,2.1,2.04,3.8,3.55,3.75,3.48,32,1.75,1.68,2.23,2.15,13,-0.5,2.09,2.04,1.87,1.82,2.1,3.78,3.59
E1,16/09/17,Bristol City,Derby,4,1,H,0,1,A,M Atkinson,25,11,9,2,18,13,5,6,1,2,0,0,2.5,3.4,3,2.4,3.3,2.85,2.35,3.25,2.85,2.4,3.25,2.9,2.43,3.41,3.12,2.5,3.2,2.9,2.5,3.4,3,36,2.5,2.41,3.41,3.31,3.12,2.91,34,2,1.93,1.95,1.86,14,-0.25,2.16,2.1,1.81,1.77,2.68,3.47,2.79
E1,16/09/17,Burton,Fulham,2,1,H,1,1,D,S Martin,11,15,6,2,11,11,2,8,1,1,0,0,4.5,3.8,1.85,4,3.6,1.85,4.05,3.65,1.8,4,3.6,1.85,4.46,3.73,1.88,4.33,3.5,1.83,4.4,3.8,1.87,36,4.5,4.14,3.9,3.67,1.88,1.83,33,1.82,1.74,2.13,2.05,13,0.5,2.09,2.03,1.86,1.83,4.38,3.74,1.91
E1,16/09/17,Cardiff,Sheffield Weds,1,1,D,0,1,A,L Probert,16,8,8,2,5,9,6,3,1,2,0,0,2.1,3.4,4,2.05,3.3,3.6,2,3.25,3.7,2.1,3.2,3.7,2.09,3.42,3.94,2.1,3.2,3.75,2.1,3.4,4,36,2.11,2.04,3.42,3.3,4,3.75,33,2.2,2.11,1.8,1.7,14,-0.25,1.81,1.74,2.2,2.14,2.12,3.43,3.88
E1,16/09/17,Hull,Sunderland,1,1,D,0,1,A,D England,20,9,7,3,13,10,11,2,2,5,0,0,2.1,3.5,3.8,1.87,3.5,4,2,3.35,3.6,2.1,3.3,3.5,2.06,3.44,4.02,2.1,3.2,3.75,2.1,3.5,3.8,36,2.15,2.05,3.5,3.34,4.02,3.66,34,2.04,1.97,1.87,1.82,14,-0.25,1.8,1.76,2.16,2.11,2.14,3.57,3.66
E1,16/09/17,Ipswich,Bolton,2,0,H,0,0,D,A Madley,13,16,5,3,15,11,6,8,1,3,0,0,2,3.6,4,2,3.3,3.7,2,3.35,3.5,2,3.4,3.6,2.11,3.51,3.75,1.95,3.5,3.8,2.05,3.6,3.7,36,2.11,2.03,3.6,3.43,4,3.61,34,2.04,1.97,1.89,1.81,14,-0.5,2.11,2.07,1.87,1.8,2.02,3.45,4.23
E1,16/09/17,Middlesbrough,QPR,3,2,H,1,1,D,D Bond,16,10,8,2,17,14,6,1,4,4,0,0,1.73,3.8,5.5,1.72,3.8,4.5,1.65,3.6,4.95,1.73,3.6,4.8,1.71,3.79,5.66,1.7,3.5,5.5,1.73,3.8,5.5,36,1.75,1.7,3.9,3.63,5.66,5.1,34,2.04,1.97,1.91,1.82,13,-0.75,1.95,1.91,2,1.94,1.71,3.84,5.71
E1,16/09/17,Millwall,Leeds,1,0,H,0,0,D,T Robinson,20,1,6,0,12,13,14,2,1,3,0,0,3,3.3,2.55,2.8,3.2,2.5,2.8,3.1,2.5,2.8,3.1,2.55,3,3.15,2.67,2.9,3.2,2.5,2.9,3.25,2.63,36,3,2.86,3.3,3.14,2.7,2.54,33,2.23,2.15,1.74,1.68,13,0,2.09,2.03,1.87,1.83,3.27,3.31,2.43
E1,16/09/17,Nott'm Forest,Wolves,1,2,A,0,0,D,G Eltringham,7,11,6,6,4,15,1,4,2,2,0,0,3.6,3.3,2.25,3.4,3.1,2.2,3.3,3.2,2.15,3.3,3.2,2.2,3.86,3.25,2.18,3.3,3.2,2.25,3.5,3.3,2.25,36,3.86,3.41,3.4,3.22,2.25,2.19,33,2.12,2.03,1.84,1.76,13,0.25,2.03,1.98,1.92,1.87,3.48,3.38,2.29
E1,16/09/17,Sheffield United,Norwich,0,1,A,0,1,A,S Duncan,17,11,4,3,7,14,6,2,2,5,0,0,2.5,3.5,2.9,2.35,3.4,2.85,2.45,3.3,2.7,2.45,3.4,2.75,2.46,3.5,3,2.5,3.2,2.9,2.5,3.4,2.9,36,2.5,2.43,3.5,3.38,3,2.84,33,1.9,1.81,2.05,1.97,13,-0.25,2.19,2.1,1.81,1.77,2.67,3.52,2.76
E1,23/09/17,Aston Villa,Nott'm Forest,2,1,H,1,0,H,T Robinson,11,13,4,5,14,9,3,4,1,3,0,0,1.75,3.7,5.5,1.72,3.4,5.25,1.7,3.6,4.75,1.7,3.6,4.8,1.77,3.7,5.31,1.73,3.5,5,1.75,3.7,5.25,40,1.77,1.73,3.75,3.57,5.5,5.04,39,2.01,1.92,1.96,1.87,17,-0.75,1.99,1.92,1.98,1.93,1.65,3.94,6.18
E1,23/09/17,Bolton,Brentford,0,3,A,0,1,A,D England,10,22,3,10,22,13,5,6,2,1,0,0,3.75,3.75,2.05,3.5,3.5,2,3.6,3.55,1.95,3.6,3.5,2,3.79,3.72,2.03,3.6,3.5,2,3.75,3.75,2.05,40,3.83,3.61,3.75,3.58,2.05,1.99,38,1.82,1.74,2.16,2.07,17,0.5,1.9,1.86,2.03,1.99,3.71,3.75,2.07
E1,23/09/17,Derby,Birmingham,1,1,D,0,0,D,R East,10,10,4,2,14,10,4,6,1,1,0,0,1.8,3.75,5,1.75,3.7,4.4,1.75,3.5,4.45,1.75,3.5,4.6,1.78,3.79,5.05,1.8,3.3,5,1.83,3.75,4.8,40,1.83,1.77,3.8,3.58,5.05,4.66,39,2.02,1.94,1.93,1.84,17,-0.75,2.07,2.01,1.89,1.84,1.79,3.75,5.13
E1,23/09/17,Fulham,Middlesbrough,1,1,D,0,0,D,O Langford,10,14,4,3,16,8,6,3,2,1,0,0,2.38,3.4,3.2,2.3,3.4,2.95,2.25,3.3,3,2.25,3.25,3.1,2.32,3.37,3.36,2.3,3.2,3.2,2.3,3.4,3.3,40,2.38,2.29,3.45,3.29,3.36,3.14,39,2.06,1.96,1.91,1.83,17,-0.25,2.01,1.96,1.95,1.89,2.3,3.39,3.45
E1,23/09/17,Leeds,Ipswich,3,2,H,2,1,H,G Eltringham,9,14,2,3,11,11,6,12,1,2,0,0,1.62,3.9,6.5,1.57,3.7,6.25,1.55,3.75,5.75,1.57,3.75,6,1.63,3.89,6.49,1.62,3.8,5.5,1.62,3.9,6.5,40,1.65,1.6,4,3.74,6.5,6,39,2.05,1.99,1.9,1.8,19,-1,2.15,2.07,1.84,1.79,1.65,3.94,6.21
E1,23/09/17,Norwich,Bristol City,0,0,D,0,0,D,K Stroud,15,10,1,3,15,19,3,6,1,1,0,0,1.95,3.8,4,1.91,3.6,3.7,1.9,3.65,3.55,1.95,3.6,3.5,2,3.78,3.83,1.95,3.5,3.8,2,3.9,3.7,40,2,1.94,3.9,3.66,4,3.68,34,1.67,1.6,2.41,2.28,18,-0.5,2,1.95,1.95,1.91,2.22,3.64,3.39
E1,23/09/17,Preston,Millwall,0,0,D,0,0,D,D Bond,12,10,2,1,18,16,7,6,3,1,0,0,2.05,3.5,4,1.95,3.4,3.75,2,3.35,3.6,2,3.4,3.75,2,3.59,4.06,2.05,3.3,3.75,2.05,3.5,3.9,40,2.05,2,3.6,3.41,4.06,3.76,39,2.03,1.96,1.93,1.82,18,-0.5,2.05,2,1.92,1.86,2.06,3.65,3.83
E1,23/09/17,QPR,Burton,0,0,D,0,0,D,A Madley,13,5,4,1,17,11,8,6,0,0,0,0,1.75,3.75,5.25,1.67,3.7,5,1.7,3.7,4.65,1.7,3.75,4.8,1.71,3.95,5.29,1.8,3.3,5,1.75,4,5,40,1.8,1.71,4,3.75,5.29,4.85,39,1.82,1.77,2.14,2.03,17,-0.75,1.95,1.9,2.01,1.96,1.91,3.58,4.63
E1,23/09/17,Reading,Hull,1,1,D,0,1,A,S Martin,13,5,3,2,11,6,9,1,0,0,0,0,2.5,3.4,3,2.3,3.3,3,2.35,3.25,2.85,2.4,3.25,2.9,2.47,3.53,2.96,2.4,3.3,2.9,2.5,3.4,3,40,2.5,2.4,3.53,3.33,3.1,2.92,39,2.05,1.94,1.93,1.84,18,-0.25,2.13,2.09,1.82,1.78,2.54,3.56,2.9
E1,23/09/17,Sunderland,Cardiff,1,2,A,0,1,A,P Bankes,11,20,4,7,18,19,1,8,3,3,0,0,3,3.3,2.6,2.85,3.1,2.55,2.85,3.1,2.45,2.87,3.1,2.5,3.08,3.03,2.7,2.8,3.1,2.62,2.9,3.3,2.63,40,3.08,2.9,3.3,3.11,2.7,2.54,38,2.31,2.16,1.76,1.67,16,0,2.09,2.05,1.85,1.81,2.84,3.27,2.76
E1,23/09/17,Wolves,Barnsley,2,1,H,0,0,D,J Simpson,14,13,4,3,15,4,5,8,3,1,0,0,1.44,4.75,8,1.4,4.5,7.25,1.4,4.5,7,1.44,4.5,7.5,1.43,4.75,8.55,1.4,4.5,8,1.45,4.75,8,40,1.45,1.42,4.8,4.55,8.55,7.55,34,1.71,1.64,2.27,2.2,17,-1.25,1.99,1.93,1.97,1.92,1.42,5.04,8.39
E1,24/09/17,Sheffield Weds,Sheffield United,2,4,A,1,2,A,S Hooper,12,12,2,7,13,18,9,7,1,2,0,0,2.1,3.3,4.1,2.1,3.1,3.7,2,3.2,3.7,2.05,3.1,3.8,2.08,3.24,4.25,2.1,3,4,2.1,3.3,4,39,2.15,2.06,3.3,3.18,4.25,3.85,34,2.41,2.29,1.68,1.6,17,-0.5,2.13,2.06,1.85,1.81,1.94,3.36,4.69
E1,26/09/17,Barnsley,QPR,1,1,D,1,0,H,G Eltringham,9,14,3,4,15,8,2,6,1,2,0,0,2.63,3.6,2.7,2.45,3.5,2.65,2.45,3.4,2.65,2.5,3.4,2.65,2.62,3.51,2.79,2.5,3.4,2.75,2.6,3.6,2.75,39,2.63,2.54,3.6,3.45,2.8,2.68,37,1.78,1.72,2.19,2.09,17,-0.25,2.27,2.21,1.74,1.7,2.74,3.63,2.63
E1,26/09/17,Brentford,Derby,1,1,D,0,1,A,A Davies,14,3,2,2,7,12,11,0,3,5,0,0,2.25,3.7,3.2,2.25,3.4,3,2.2,3.4,3,2.25,3.5,3,2.29,3.62,3.21,2.25,3.5,3,2.3,3.7,3.1,39,2.36,2.25,3.75,3.51,3.25,3.07,35,1.73,1.67,2.28,2.17,18,-0.25,2.01,1.97,1.95,1.9,2.3,3.73,3.15
E1,26/09/17,Bristol City,Bolton,2,0,H,1,0,H,T Harrington,20,5,8,3,8,21,9,1,2,2,0,1,1.5,4.6,7,1.48,4.25,6.25,1.45,4.2,6.25,1.5,4.2,6.5,1.51,4.55,7.08,1.44,4.2,7.5,1.5,4.6,7,39,1.53,1.48,4.66,4.35,7.5,6.6,36,1.76,1.69,2.22,2.13,19,-1,1.86,1.81,2.11,2.04,1.47,4.81,7.7
E1,26/09/17,Burton,Aston Villa,0,4,A,0,3,A,J Moss,10,10,2,5,8,12,4,4,0,0,0,0,4.33,3.5,1.95,3.9,3.5,1.9,3.95,3.35,1.9,4.2,3.3,1.91,4.32,3.55,1.95,4.2,3.4,1.91,4.3,3.5,1.95,39,4.4,4.08,3.6,3.43,1.96,1.92,36,2.16,2.06,1.81,1.74,17,0.5,1.97,1.93,1.97,1.93,4.37,3.55,1.96
E1,26/09/17,Cardiff,Leeds,3,1,H,2,0,H,K Friend,16,8,6,3,16,15,2,0,0,1,0,1,2.05,3.5,3.9,2.05,3.4,3.5,2,3.35,3.55,2,3.3,3.7,2.05,3.54,3.93,2.1,3.3,3.5,2.05,3.5,3.8,39,2.1,2.04,3.6,3.41,3.93,3.68,36,2.1,1.99,1.91,1.81,18,-0.5,2.06,2.03,1.88,1.84,2.14,3.53,3.7
E1,26/09/17,Hull,Preston,1,2,A,0,1,A,J Linington,12,15,3,7,21,18,6,2,4,2,0,0,2.3,3.5,3.3,2.15,3.4,3.2,2.2,3.25,3.15,2.25,3.25,3.25,2.25,3.46,3.42,2.25,3.3,3.2,2.25,3.5,3.4,39,2.35,2.23,3.5,3.34,3.42,3.25,37,2.07,1.99,1.88,1.8,18,-0.25,1.97,1.92,1.98,1.94,2.41,3.38,3.22
E1,26/09/17,Ipswich,Sunderland,5,2,H,2,1,H,T Robinson,19,14,11,6,12,10,5,4,1,2,0,0,2.45,3.25,3.2,2.4,3.1,3,2.35,3.15,2.95,2.37,3.1,3,2.48,3.21,3.22,2.4,3.2,3,2.45,3.3,3.13,39,2.5,2.41,3.3,3.19,3.22,3.04,37,2.2,2.08,1.8,1.73,18,-0.25,2.11,2.05,1.85,1.82,2.64,3.27,2.98
E1,26/09/17,Middlesbrough,Norwich,0,1,A,0,1,A,J Simpson,21,5,5,2,8,16,13,1,1,4,0,0,1.95,3.6,4.2,1.91,3.3,4.1,1.9,3.4,3.85,1.95,3.4,4,1.94,3.66,4.21,1.91,3.5,4,1.95,3.6,4.2,39,2,1.93,3.66,3.46,4.21,4.02,37,2.09,2,1.86,1.79,18,-0.5,1.97,1.92,1.99,1.94,1.94,3.68,4.28
E1,26/09/17,Millwall,Reading,2,1,H,0,0,D,A Madley,6,8,4,3,12,10,3,4,1,0,0,0,2.1,3.4,3.9,2,3.25,3.75,2,3.25,3.6,2.1,3.25,3.6,2.13,3.47,3.75,2.05,3.25,3.75,2.15,3.4,3.8,39,2.15,2.06,3.47,3.32,4,3.69,36,2.15,2.07,1.81,1.74,18,-0.5,2.13,2.08,1.83,1.79,2.19,3.4,3.71
E1,26/09/17,Nott'm Forest,Fulham,1,3,A,1,1,D,S Duncan,20,16,4,7,11,9,3,3,2,0,0,0,3.2,3.6,2.3,3.1,3.3,2.25,3.05,3.35,2.2,3,3.5,2.2,3.28,3.45,2.32,3.1,3.5,2.2,3.2,3.6,2.25,39,3.3,3.12,3.6,3.43,2.32,2.24,35,1.73,1.65,2.28,2.2,17,0.25,1.96,1.92,2,1.94,3.24,3.8,2.23
E1,27/09/17,Birmingham,Sheffield Weds,1,0,H,0,0,D,S Martin,9,17,3,3,6,11,4,10,0,0,0,0,2.9,3.3,2.63,2.85,3.1,2.5,2.85,3.1,2.5,2.87,3,2.55,2.92,3.25,2.67,2.88,3.2,2.5,2.9,3.3,2.63,39,2.95,2.85,3.3,3.13,2.67,2.54,32,2.4,2.31,1.62,1.58,15,0,2.08,2.03,1.87,1.83,2.72,3.31,2.86
E1,27/09/17,Sheffield United,Wolves,2,0,H,1,0,H,P Bankes,11,7,5,2,18,8,11,2,3,1,0,1,3,3.3,2.55,2.85,3.1,2.5,2.75,3.15,2.5,2.87,3.1,2.55,2.96,3.29,2.61,2.8,3.3,2.5,3,3.3,2.6,39,3,2.84,3.4,3.21,2.63,2.52,34,2.22,2.14,1.73,1.68,15,0,2.09,2.06,1.84,1.8,3.38,3.35,2.35
E1,29/09/17,QPR,Fulham,1,2,A,0,1,A,P Bankes,25,12,4,2,13,21,10,2,3,3,0,0,3.25,3.6,2.25,3.2,3.4,2.15,3,3.4,2.2,3,3.5,2.25,3.19,3.54,2.33,3.1,3.5,2.2,3.13,3.6,2.3,38,3.3,3.09,3.65,3.46,2.35,2.24,36,1.79,1.72,2.2,2.09,17,0.25,1.95,1.89,2.03,1.96,2.91,3.67,2.44
E1,30/09/17,Aston Villa,Bolton,1,0,H,1,0,H,J Simpson,11,10,3,3,15,15,5,4,1,3,1,0,1.33,4.75,9.5,1.36,4.5,9,1.35,4.65,8.5,1.36,4.6,9.5,1.38,4.95,10.27,1.4,4.5,8,1.33,4.8,10,36,1.41,1.36,5,4.67,10.27,8.94,33,1.88,1.79,2.1,1.99,16,-1.25,1.91,1.83,2.07,2.02,1.43,4.72,8.98
E1,30/09/17,Burton,Wolves,0,4,A,0,3,A,T Harrington,11,14,2,6,10,12,9,4,1,0,0,0,4.6,3.6,1.75,4.5,3.6,1.75,4.7,3.5,1.7,4.8,3.4,1.75,5.25,3.59,1.8,4.6,3.5,1.8,4.6,3.6,1.8,37,5.25,4.77,3.75,3.5,1.8,1.76,35,2.28,2.15,1.74,1.67,15,0.75,1.86,1.82,2.09,2.03,6.22,3.92,1.64
E1,30/09/17,Cardiff,Derby,0,0,D,0,0,D,J Linington,14,7,2,2,18,18,8,2,2,1,0,0,1.95,3.4,3.8,1.95,3.4,3.8,2,3.3,3.65,2.05,3.25,3.75,2.02,3.51,4.06,2.05,3.3,3.75,2.05,3.4,3.8,37,2.06,2.01,3.51,3.35,4.06,3.75,35,2.14,2.05,1.82,1.74,16,-0.5,2.06,2.01,1.9,1.83,1.99,3.59,4.1
E1,30/09/17,Hull,Birmingham,6,1,H,3,0,H,S Duncan,17,13,11,3,12,12,3,4,0,0,0,0,1.91,3.4,4,1.85,3.4,4.2,1.9,3.4,3.9,1.95,3.4,3.9,2,3.43,4.28,1.95,3.5,3.8,1.95,3.5,3.9,36,2,1.94,3.6,3.43,4.28,3.9,35,2.07,1.95,1.94,1.83,16,-0.5,2.01,1.95,1.96,1.9,2.06,3.37,4.14
E1,30/09/17,Ipswich,Bristol City,1,3,A,1,2,A,S Hooper,9,16,3,5,14,13,1,4,2,2,0,0,3.1,3.25,2.3,3.1,3.1,2.35,2.95,3.2,2.3,2.9,3.3,2.37,3.13,3.31,2.48,3,3.2,2.4,2.9,3.4,2.45,36,3.13,3,3.4,3.25,2.48,2.36,35,1.95,1.89,2.01,1.9,15,0.25,1.85,1.8,2.13,2.04,2.98,3.36,2.55
E1,30/09/17,Middlesbrough,Brentford,2,2,D,0,1,A,P Tierney,8,14,3,2,21,13,3,7,3,3,0,0,1.85,3.6,4,1.83,3.5,4.25,1.9,3.5,3.8,1.91,3.5,3.8,1.94,3.73,4.11,1.91,3.5,4,1.91,3.6,4,37,1.96,1.91,3.73,3.53,4.33,3.93,35,1.89,1.81,2.1,1.96,17,-0.5,1.96,1.91,2,1.94,1.76,3.91,5.01
E1,30/09/17,Millwall,Barnsley,1,3,A,1,1,D,O Langford,14,16,6,9,12,16,9,2,2,3,0,0,1.62,3.75,5.5,1.65,3.7,5.25,1.65,3.75,4.8,1.7,3.8,4.8,1.71,4.03,5.19,1.62,4,5,1.7,3.8,5,36,1.75,1.66,4.03,3.81,5.5,4.99,34,1.84,1.75,2.16,2.04,16,-0.75,1.94,1.87,2.02,1.98,1.77,3.82,5.07
E1,30/09/17,Nott'm Forest,Sheffield United,2,1,H,2,1,H,A Davies,14,16,5,4,7,12,4,9,3,4,0,0,2.6,3.25,2.7,2.6,3,2.85,2.5,3.2,2.75,2.5,3.3,2.75,2.75,3.17,2.93,2.6,3.1,2.88,2.5,3.3,2.9,36,2.75,2.57,3.4,3.16,2.93,2.79,35,1.93,1.86,2,1.92,15,-0.25,2.29,2.21,1.75,1.69,2.63,3.38,2.82
E1,30/09/17,Preston,Sunderland,2,2,D,0,1,A,C Kavanagh,9,11,2,4,16,15,2,5,1,1,0,0,1.8,3.6,4.33,1.85,3.5,4.1,1.8,3.45,4.15,1.85,3.4,4.25,1.88,3.65,4.58,1.83,3.5,4.33,1.85,3.6,4.33,36,1.9,1.85,3.65,3.5,4.58,4.2,35,2.11,2.02,1.85,1.77,17,-0.5,1.89,1.85,2.05,2.01,1.85,3.72,4.65
E1,30/09/17,Reading,Norwich,1,2,A,1,1,D,T Robinson,7,6,1,3,19,14,1,1,4,1,0,1,2.63,3.3,2.6,2.55,3.3,2.65,2.6,3.3,2.55,2.6,3.4,2.62,2.74,3.46,2.69,2.62,3.4,2.6,2.63,3.5,2.63,36,2.75,2.64,3.5,3.34,2.7,2.6,35,1.85,1.8,2.06,1.99,15,0,1.98,1.93,1.97,1.92,2.88,3.41,2.63
E1,01/10/17,Sheffield Weds,Leeds,3,0,H,2,0,H,A Madley,16,11,7,2,15,13,7,4,1,0,0,0,2.3,3.4,3,2.25,3.4,3,2.25,3.25,3.05,2.3,3.2,3.2,2.34,3.34,3.35,2.3,3.2,3.2,2.3,3.4,3.13,37,2.4,2.29,3.5,3.27,3.35,3.12,33,2.21,2.09,1.76,1.71,16,-0.25,2.04,1.98,1.92,1.87,2.46,3.33,3.19
E1,13/10/17,Birmingham,Cardiff,1,0,H,1,0,H,G Eltringham,6,7,2,0,14,17,6,8,2,1,0,0,3.5,3.4,2.25,3.25,3.25,2.2,3.2,3.2,2.2,3.5,3.3,2.25,3.52,3.38,2.25,3.3,3.2,2.25,3.6,3.4,2.2,36,3.6,3.38,3.4,3.27,2.31,2.21,33,2.2,2.12,1.8,1.7,18,0.25,2.03,1.98,1.95,1.87,3.45,3.44,2.27
E1,13/10/17,Bristol City,Burton,0,0,D,0,0,D,J Linington,11,4,4,0,19,13,9,0,0,1,0,0,1.45,4.75,8,1.42,4.1,8,1.45,4.25,6.25,1.44,4.33,7,1.44,4.81,8.33,1.44,4.33,7.5,1.45,4.6,8.5,35,1.48,1.43,4.81,4.43,8.5,7.28,30,1.75,1.69,2.25,2.12,18,-1.25,2.06,2.01,1.88,1.84,1.43,4.98,8.23
E1,14/10/17,Barnsley,Middlesbrough,2,2,D,2,1,H,L Mason,11,21,3,6,10,11,4,7,2,0,0,0,4.33,3.6,1.95,4,3.4,1.9,3.75,3.4,1.9,3.9,3.4,1.95,4.09,3.66,1.97,4,3.5,1.91,4,3.6,2,33,4.33,3.92,3.66,3.47,2,1.93,32,2,1.92,1.93,1.84,15,0.5,1.95,1.9,2.01,1.94,4.17,3.61,1.99
E1,14/10/17,Bolton,Sheffield Weds,2,1,H,1,0,H,D Coote,18,16,6,10,8,10,10,6,3,3,0,0,4.33,3.4,2,4.1,3.3,1.91,3.95,3.25,1.9,4,3.2,2,4.16,3.45,2.02,4.2,3.25,1.95,4.1,3.4,2.05,33,4.33,4.01,3.5,3.29,2.05,1.97,29,2.25,2.18,1.73,1.65,15,0.5,1.95,1.87,2.03,1.98,4.27,3.58,1.98
E1,14/10/17,Brentford,Millwall,1,0,H,0,0,D,L Probert,18,19,3,6,13,10,6,9,2,1,0,0,1.95,3.6,4.2,1.9,3.4,4,1.85,3.55,3.8,1.91,3.6,3.8,1.94,3.64,4.23,1.91,3.5,4,1.95,3.75,4,34,1.95,1.91,3.8,3.56,4.23,3.89,32,1.79,1.72,2.16,2.06,15,-0.5,1.95,1.91,1.99,1.93,1.85,3.92,4.46
E1,14/10/17,Fulham,Preston,2,2,D,0,2,A,D England,17,14,6,5,9,13,5,4,1,3,0,0,2.05,3.6,3.9,2,3.4,3.6,1.95,3.55,3.45,2,3.6,3.5,2.05,3.65,3.8,1.95,3.6,3.75,2.05,3.6,3.75,33,2.05,1.99,3.7,3.52,4,3.62,29,1.82,1.69,2.18,2.11,16,-0.5,2.05,1.99,1.9,1.86,1.93,3.67,4.37
E1,14/10/17,Leeds,Reading,0,1,A,0,0,D,J Simpson,15,10,3,4,16,10,6,5,5,2,0,0,1.95,3.6,4.33,1.85,3.5,4.1,1.9,3.4,3.8,1.95,3.4,3.9,2.02,3.59,3.97,1.95,3.4,4,2,3.6,4.1,33,2.02,1.93,3.7,3.45,4.33,3.93,32,2.04,1.95,1.91,1.81,16,-0.5,2.02,1.94,1.97,1.9,1.94,3.69,4.25
E1,14/10/17,Norwich,Hull,1,1,D,0,1,A,K Stroud,25,8,6,3,6,17,10,7,1,2,0,1,2,3.75,3.8,1.95,3.5,3.7,1.95,3.55,3.5,1.95,3.6,3.6,2.01,3.79,3.78,2,3.5,3.6,2,3.75,3.8,33,2.01,1.96,3.8,3.6,4,3.64,29,1.76,1.68,2.21,2.11,16,-0.5,2.01,1.96,1.95,1.89,2.04,3.77,3.76
E1,14/10/17,Sheffield United,Ipswich,1,0,H,0,0,D,T Harrington,6,8,2,2,9,16,8,4,2,1,0,0,1.75,3.75,5.25,1.72,3.3,5.25,1.7,3.7,4.55,1.73,3.7,4.6,1.8,3.73,4.97,1.75,3.5,5,1.8,3.8,4.6,33,1.8,1.74,3.95,3.63,5.5,4.73,31,1.77,1.71,2.23,2.09,15,-0.75,2.03,1.96,1.95,1.88,1.82,3.58,5.23
E1,14/10/17,Sunderland,QPR,1,1,D,0,1,A,S Martin,9,17,5,12,15,12,15,9,0,0,0,0,2.2,3.5,3.5,2.2,3.1,3.4,2.1,3.35,3.2,2.15,3.3,3.3,2.24,3.43,3.48,2.2,3.3,3.3,2.25,3.5,3.4,33,2.25,2.17,3.5,3.33,3.5,3.33,32,1.95,1.87,1.99,1.9,16,-0.25,1.93,1.88,2.01,1.96,2.29,3.45,3.39
E1,14/10/17,Wolves,Aston Villa,2,0,H,0,0,D,A Davies,20,7,6,1,11,9,6,2,0,2,0,0,2.15,3.4,3.8,2.05,3.3,3.6,2,3.2,3.65,2.1,3.2,3.7,2.1,3.44,3.89,2.1,3.25,3.6,2.15,3.4,3.8,33,2.15,2.09,3.44,3.27,3.9,3.63,30,2.25,2.19,1.71,1.64,16,-0.25,1.83,1.79,2.14,2.07,2.09,3.32,4.15
E1,15/10/17,Derby,Nott'm Forest,2,0,H,1,0,H,A Madley,14,19,4,5,10,6,7,7,0,1,0,0,1.83,3.75,4.75,1.83,3.4,4.4,1.7,3.7,4.45,1.8,3.6,4.33,1.83,3.79,4.67,1.8,3.6,4.5,1.85,3.75,4.6,33,1.85,1.79,3.9,3.63,5,4.41,32,1.88,1.81,2.04,1.96,15,-0.75,2.08,2.03,1.91,1.82,1.97,3.57,4.3
E1,21/10/17,Aston Villa,Fulham,2,1,H,1,1,D,M Jones,15,9,6,2,14,14,2,5,1,2,0,0,2.35,3.5,3.2,2.3,3.4,2.9,2.25,3.3,3,2.25,3.3,3.1,2.36,3.44,3.22,2.3,3.4,3,2.3,3.5,3.2,35,2.4,2.29,3.5,3.35,3.22,3.07,34,1.94,1.87,2,1.91,18,-0.25,2.04,1.98,1.92,1.87,2.45,3.51,3.06
E1,21/10/17,Barnsley,Hull,0,1,A,0,0,D,P Bankes,23,8,5,3,13,12,3,7,1,3,0,0,3.1,3.5,2.37,2.8,3.5,2.35,2.85,3.4,2.3,2.87,3.4,2.35,3.02,3.7,2.36,3.1,3.1,2.4,3,3.7,2.38,36,3.1,2.93,3.7,3.46,2.4,2.32,34,1.77,1.69,2.27,2.1,18,0.25,1.89,1.84,2.07,2.01,2.85,3.65,2.53
E1,21/10/17,Bolton,QPR,1,1,D,1,0,H,J Linington,13,15,2,4,13,8,4,8,0,0,0,0,3.1,3.5,2.39,3,3.2,2.35,2.95,3.25,2.3,3,3.25,2.35,3.21,3.5,2.34,3.1,3.1,2.4,3.1,3.5,2.4,34,3.21,3.03,3.5,3.3,2.4,2.33,33,2.07,1.97,1.9,1.8,18,0.25,1.86,1.83,2.08,2.03,3.17,3.52,2.38
E1,21/10/17,Brentford,Sunderland,3,3,D,1,3,A,D England,18,11,9,3,14,14,6,9,2,4,0,0,1.8,4,4.5,1.7,3.9,4.4,1.75,3.8,4.2,1.75,3.8,4.33,1.77,4.1,4.64,1.8,3.5,4.5,1.8,4,4.6,34,1.8,1.75,4.1,3.83,4.79,4.39,29,1.68,1.62,2.33,2.22,18,-0.75,2,1.95,1.95,1.9,1.87,4,4.26
E1,21/10/17,Bristol City,Leeds,0,3,A,0,2,A,O Langford,12,13,2,5,11,14,6,3,3,3,1,1,2.1,3.75,3.5,2,3.4,3.6,2,3.4,3.55,2,3.4,3.6,2.02,3.7,3.86,2.1,3.2,3.6,2.05,3.7,3.7,34,2.1,2.02,3.75,3.47,3.86,3.6,33,1.96,1.88,1.95,1.89,19,-0.5,2.08,2.02,1.88,1.83,2.1,3.61,3.73
E1,21/10/17,Derby,Sheffield Weds,2,0,H,1,0,H,S Duncan,15,11,7,0,8,6,6,4,2,2,0,1,2.29,3.39,3.39,2.2,3.25,3.25,2.15,3.2,3.25,2.25,3.2,3.3,2.24,3.41,3.5,2.3,3.2,3.2,2.25,3.4,3.5,34,2.3,2.22,3.41,3.27,3.5,3.29,32,2.17,2.1,1.78,1.71,18,-0.25,1.95,1.89,2,1.96,2.28,3.44,3.44
E1,21/10/17,Middlesbrough,Cardiff,0,1,A,0,0,D,A Madley,11,8,2,3,19,12,8,2,2,2,0,0,2.2,3.5,3.5,2.2,3.1,3.4,2.05,3.2,3.55,2.15,3.1,3.6,2.15,3.34,3.85,2.15,3.2,3.5,2.15,3.4,3.8,35,2.25,2.12,3.5,3.24,3.85,3.56,30,2.38,2.25,1.68,1.61,19,-0.25,1.86,1.81,2.11,2.05,2.14,3.47,3.78
E1,21/10/17,Millwall,Birmingham,2,0,H,0,0,D,S Hooper,14,16,3,4,13,15,6,3,2,2,0,0,2.2,3.39,3.6,2.1,3.3,3.4,2.15,3.2,3.35,2.2,3.2,3.4,2.2,3.43,3.58,2.3,3.2,3.2,2.25,3.4,3.5,35,2.3,2.18,3.43,3.28,3.6,3.38,33,2.19,2.08,1.77,1.72,18,-0.25,1.92,1.86,2.03,1.99,2.29,3.35,3.5
E1,21/10/17,Nott'm Forest,Burton,2,0,H,0,0,D,K Stroud,13,10,6,1,13,11,4,6,0,2,0,0,1.8,3.79,4.75,1.75,3.6,4.6,1.75,3.7,4.35,1.75,3.7,4.33,1.78,3.9,4.86,1.8,3.5,4.5,1.8,3.8,4.8,35,1.8,1.76,3.9,3.7,4.96,4.49,33,1.84,1.76,2.11,2.03,18,-0.75,2.02,1.97,1.93,1.88,1.84,3.83,4.64
E1,21/10/17,Sheffield United,Reading,2,1,H,2,0,H,D Coote,14,6,4,1,13,17,4,4,1,2,0,0,2,3.5,4.2,2,3.3,3.7,1.95,3.3,3.8,2,3.25,3.9,2.05,3.41,4.09,2.05,3.2,3.75,2.05,3.5,4,35,2.06,2,3.5,3.34,4.2,3.83,33,2.23,2.1,1.79,1.7,19,-0.5,2.07,2.01,1.9,1.85,1.9,3.51,4.66
E1,21/10/17,Wolves,Preston,3,2,H,1,0,H,S Martin,11,10,6,2,11,17,3,3,3,3,0,1,1.8,3.6,5.25,1.75,3.5,4.75,1.7,3.5,4.9,1.73,3.5,4.8,1.76,3.52,5.73,1.73,3.5,5,1.75,3.6,5.25,34,1.8,1.74,3.6,3.49,5.73,5.03,31,2.14,2.03,1.83,1.76,18,-0.75,2.02,1.96,1.93,1.88,1.72,3.82,5.6
E1,22/10/17,Ipswich,Norwich,0,1,A,0,0,D,T Robinson,16,10,2,5,12,10,6,5,3,0,0,0,3.39,3.6,2.2,3.1,3.3,2.25,3.2,3.4,2.1,3.2,3.5,2.15,3.5,3.53,2.19,3.4,3.1,2.25,3.4,3.6,2.2,33,3.5,3.25,3.6,3.42,2.3,2.16,31,1.82,1.75,2.12,2.03,17,0.25,2.04,1.97,1.95,1.88,3.65,3.61,2.13
E1,27/10/17,Leeds,Sheffield United,1,2,A,1,1,D,S Duncan,8,12,2,6,9,18,0,5,2,6,0,0,2.35,3.29,3.39,2.25,3.1,3.3,2.2,3.2,3.2,2.3,3.25,3.3,2.3,3.32,3.46,2.3,3.2,3.2,2.38,3.4,3.3,36,2.38,2.27,3.4,3.25,3.46,3.25,31,2.2,2.11,1.79,1.7,19,-0.25,2,1.95,1.95,1.9,2.48,3.41,3.04
E1,28/10/17,Burton,Ipswich,1,2,A,0,0,D,S Hooper,18,9,6,5,18,15,4,5,1,3,0,0,2.87,3.29,2.7,2.7,3.3,2.55,2.75,3.2,2.5,2.75,3.2,2.55,2.9,3.37,2.6,2.75,3.2,2.6,2.8,3.4,2.63,35,2.9,2.76,3.4,3.25,2.7,2.56,33,2.14,2.02,1.84,1.76,17,0,2.07,2.01,1.92,1.85,2.84,3.26,2.77
E1,28/10/17,Cardiff,Millwall,0,0,D,0,0,D,S Martin,13,7,4,2,12,10,5,6,2,1,0,0,1.8,3.75,5,1.78,3.4,4.75,1.75,3.5,4.6,1.75,3.5,4.8,1.8,3.77,4.88,1.75,3.6,4.8,1.8,3.75,5,35,1.83,1.76,3.77,3.6,5.2,4.67,33,2.19,2.06,1.8,1.73,17,-0.75,2.08,2.04,1.87,1.82,1.81,3.76,4.89
E1,28/10/17,Fulham,Bolton,1,1,D,0,1,A,G Eltringham,19,13,5,3,9,17,11,5,1,4,0,0,1.5,4.75,7,1.42,4.75,6.5,1.45,4.5,6,1.44,4.4,6.5,1.48,4.97,6.77,1.44,4.5,7,1.5,4.8,7,35,1.5,1.45,5,4.62,7,6.4,30,1.59,1.54,2.5,2.39,17,-1.25,2.08,2.01,1.89,1.84,1.45,5,7.6
E1,28/10/17,Hull,Nott'm Forest,2,3,A,0,1,A,J Simpson,18,11,6,5,16,16,4,4,4,3,0,0,2.1,3.75,3.6,2.05,3.4,3.5,2,3.55,3.4,2,3.6,3.5,2.05,3.79,3.66,2.05,3.5,3.5,2.05,3.8,3.6,35,2.15,2.02,3.8,3.59,3.75,3.51,31,1.72,1.65,2.28,2.16,18,-0.5,2.07,2,1.9,1.86,2.09,3.68,3.7
E1,28/10/17,Norwich,Derby,1,2,A,0,1,A,P Bankes,18,12,4,5,15,13,6,3,1,3,0,0,2.14,3.39,3.75,2.1,3.25,3.5,2.05,3.25,3.45,2.1,3.3,3.5,2.14,3.43,3.77,2.1,3.3,3.6,2.15,3.4,3.7,35,2.2,2.11,3.43,3.3,3.8,3.54,34,2.13,2.03,1.83,1.76,18,-0.25,1.89,1.84,2.1,2.02,2.17,3.41,3.77
E1,28/10/17,Preston,Brentford,2,3,A,1,1,D,D Coote,13,17,3,4,13,9,4,5,3,0,0,0,2.37,3.7,3,2.35,3.3,2.95,2.25,3.5,2.9,2.25,3.5,2.9,2.39,3.76,2.94,2.3,3.6,2.88,2.3,3.75,3,35,2.4,2.29,3.76,3.54,3.05,2.93,30,1.7,1.63,2.31,2.21,17,-0.25,2.04,1.99,1.91,1.87,2.34,3.98,2.93
E1,28/10/17,QPR,Wolves,2,1,H,1,1,D,T Harrington,17,8,6,2,16,16,3,4,3,1,0,0,3.39,3.6,2.2,3.3,3.4,2.1,3.25,3.35,2.1,3.25,3.3,2.2,3.28,3.65,2.24,3.4,3.3,2.15,3.3,3.6,2.25,35,3.5,3.28,3.65,3.41,2.25,2.16,34,1.97,1.9,1.96,1.87,17,0.25,2,1.95,1.95,1.9,4.07,3.65,2
E1,28/10/17,Reading,Middlesbrough,0,2,A,0,1,A,O Langford,9,10,3,3,8,11,3,3,1,1,0,0,3.29,3.2,2.45,3.1,3.1,2.35,3.1,3,2.35,3.2,3,2.37,3.33,3.18,2.44,3.1,3.1,2.4,3.3,3.2,2.45,35,3.33,3.18,3.25,3.07,2.45,2.39,30,2.59,2.45,1.57,1.52,17,0.25,1.87,1.82,2.08,2.04,3.25,3.25,2.47
E1,28/10/17,Sheffield Weds,Barnsley,1,1,D,1,0,H,A Taylor,22,12,6,4,9,6,7,5,2,1,0,0,1.8,4,4.5,1.72,3.7,4.6,1.7,3.8,4.4,1.73,3.8,4.6,1.72,4.14,4.92,1.7,3.8,4.75,1.75,4,4.8,35,1.8,1.73,4.2,3.84,4.92,4.55,33,1.74,1.66,2.3,2.17,17,-0.75,1.98,1.93,1.98,1.92,1.69,4.11,5.37
E1,28/10/17,Sunderland,Bristol City,1,2,A,1,1,D,D Bond,13,13,4,4,10,13,6,5,2,2,0,0,2.62,3.5,2.79,2.6,3.2,2.7,2.5,3.3,2.7,2.5,3.3,2.75,2.64,3.46,2.8,2.6,3.3,2.7,2.55,3.5,2.88,35,2.65,2.56,3.6,3.31,2.88,2.73,34,1.98,1.86,1.99,1.91,17,0,1.93,1.85,2.06,2.01,2.54,3.48,2.95
E1,29/10/17,Birmingham,Aston Villa,0,0,D,0,0,D,A Madley,15,13,3,4,16,13,3,4,3,2,0,0,3.29,3.29,2.37,3.1,3.1,2.35,3.05,3.05,2.35,3.1,3,2.4,3.2,3.29,2.45,3.2,3.1,2.38,3.1,3.3,2.5,36,3.3,3.1,3.3,3.13,2.5,2.39,31,2.4,2.28,1.62,1.59,17,0.25,1.85,1.8,2.12,2.07,3.49,3.21,2.37
E1,31/10/17,Burton,Barnsley,2,4,A,2,2,D,J Simpson,14,9,4,6,13,12,5,4,0,1,0,0,2.7,3.39,2.75,2.5,3.3,2.75,2.5,3.15,2.75,2.75,3.25,2.75,2.81,3.28,2.75,2.5,3.3,2.75,2.75,3.4,2.7,35,2.81,2.65,3.4,3.21,2.88,2.7,30,2.19,2.08,1.79,1.72,18,0,2.01,1.95,1.95,1.91,2.76,3.29,2.82
E1,31/10/17,Cardiff,Ipswich,3,1,H,1,0,H,O Langford,19,9,8,2,13,13,5,7,1,1,0,0,1.7,3.79,5.59,1.6,3.8,5.5,1.65,3.65,4.85,1.7,3.8,5.5,1.71,3.91,5.43,1.67,3.6,5.5,1.7,3.8,5.5,35,1.73,1.66,3.91,3.73,6,5.26,31,2.01,1.93,1.94,1.86,18,-1,2.39,2.24,1.73,1.65,1.66,3.87,6.3
E1,31/10/17,Fulham,Bristol City,0,2,A,0,2,A,S Duncan,21,15,2,5,13,14,2,4,0,2,1,0,2,3.89,3.75,1.95,3.7,3.5,1.9,3.7,3.55,2,3.8,3.75,2.05,3.97,3.52,2,3.6,3.6,2,3.9,3.7,34,2.05,1.96,4,3.72,3.8,3.58,29,1.7,1.61,2.38,2.24,18,-0.5,2.01,1.96,1.95,1.89,2,3.79,3.9
E1,31/10/17,Hull,Middlesbrough,1,3,A,0,2,A,T Robinson,6,9,4,6,12,12,5,5,2,2,1,0,2.79,3.39,2.64,2.7,3.25,2.55,2.7,3.15,2.55,2.87,3.3,2.6,2.93,3.34,2.6,2.75,3.2,2.6,2.88,3.4,2.6,35,2.95,2.77,3.4,3.25,2.65,2.56,30,2.14,2.05,1.82,1.75,18,0,2.08,2.01,1.89,1.85,3.02,3.42,2.52
E1,31/10/17,Leeds,Derby,1,2,A,1,0,H,S Hooper,7,8,1,3,14,16,5,8,2,2,0,0,2.45,3.25,3.2,2.4,3.1,3,2.35,3.15,3.05,2.4,3.25,3.2,2.43,3.27,3.24,2.45,3.1,3,2.45,3.3,3.2,35,2.5,2.39,3.3,3.19,3.25,3.06,30,2.23,2.12,1.76,1.69,19,-0.25,2.1,2.03,1.87,1.83,2.64,3.33,2.93
E1,31/10/17,Norwich,Wolves,0,2,A,0,1,A,D England,14,15,2,4,11,24,6,7,4,4,0,0,2.79,3.39,2.7,2.75,3.3,2.5,2.65,3.25,2.55,2.8,3.4,2.62,2.82,3.45,2.63,2.62,3.4,2.62,2.8,3.4,2.63,35,2.82,2.71,3.45,3.3,2.7,2.58,31,2.02,1.94,1.91,1.84,18,0,2.05,1.98,1.94,1.87,3.02,3.44,2.51
E1,31/10/17,QPR,Sheffield United,1,0,H,1,0,H,K Stroud,12,5,2,1,15,8,4,6,2,2,0,0,2.75,3.39,2.7,2.65,3.3,2.55,2.6,3.2,2.6,2.7,3.3,2.7,2.72,3.39,2.76,2.7,3.25,2.6,2.75,3.4,2.7,35,2.8,2.66,3.4,3.28,2.77,2.64,31,2.06,1.99,1.88,1.79,18,0,2.02,1.94,1.98,1.92,2.57,3.48,2.91
E1,31/10/17,Reading,Nott'm Forest,3,1,H,1,0,H,P Tierney,11,14,7,6,11,11,4,4,0,1,0,0,2.29,3.39,3.39,2.2,3.25,3.3,2.15,3.3,3.2,2.3,3.4,3.2,2.33,3.5,3.23,2.25,3.25,3.25,2.3,3.4,3.25,35,2.33,2.24,3.5,3.33,3.4,3.2,31,1.98,1.91,1.95,1.87,19,-0.25,2,1.95,1.95,1.9,2.39,3.39,3.26
E1,31/10/17,Sheffield Weds,Millwall,2,1,H,2,1,H,J Linington,17,13,5,3,10,11,8,5,0,0,0,1,1.95,3.5,4.5,1.91,3.3,4.1,1.9,3.4,3.9,1.95,3.5,4,1.98,3.6,4.12,1.95,3.25,4.2,2,3.5,4.2,35,2,1.93,3.6,3.42,4.5,4.06,32,2.02,1.95,1.91,1.83,19,-0.5,1.98,1.93,1.97,1.93,1.85,3.63,4.9
E1,31/10/17,Sunderland,Bolton,3,3,D,1,1,D,T Harrington,9,10,5,4,6,12,11,9,1,0,0,0,1.72,3.79,5.4,1.72,3.6,4.75,1.65,3.65,4.85,1.73,3.75,5.2,1.73,3.87,5.29,1.73,3.6,4.8,1.75,3.8,5.25,34,1.75,1.71,3.87,3.67,5.4,4.93,30,2.01,1.94,1.92,1.84,17,-0.75,1.97,1.93,1.98,1.92,1.74,3.75,5.59
E1,01/11/17,Birmingham,Brentford,0,2,A,0,0,D,J Moss,15,16,2,5,9,7,7,4,2,1,0,0,2.95,3.6,2.45,2.7,3.4,2.45,2.75,3.4,2.35,2.8,3.4,2.37,3.02,3.57,2.41,2.75,3.4,2.5,2.9,3.6,2.5,34,3.02,2.85,3.6,3.4,2.5,2.4,32,1.83,1.75,2.13,2.04,16,0,2.16,2.1,1.81,1.76,2.98,3.59,2.46
E1,01/11/17,Preston,Aston Villa,0,2,A,0,2,A,P Bankes,8,9,2,3,10,17,3,1,1,1,0,0,2.54,3.29,3,2.5,3.25,2.75,2.4,3.15,2.9,2.5,3.1,2.9,2.59,3.28,2.99,2.5,3.2,2.88,2.55,3.3,3,34,2.6,2.46,3.4,3.2,3.1,2.91,32,2.21,2.12,1.77,1.7,17,-0.25,2.2,2.13,1.8,1.73,2.56,3.42,2.96
E1,03/11/17,Wolves,Fulham,2,0,H,2,0,H,D Coote,15,10,5,2,16,7,4,1,2,4,0,0,1.72,4,5,1.72,3.7,4.5,1.65,3.85,4.6,1.7,4,5,1.71,4.07,5.28,1.75,3.6,4.6,1.7,4,5,36,1.77,1.7,4.07,3.88,5.28,4.8,31,1.78,1.71,2.19,2.1,18,-0.75,1.95,1.88,2.02,1.97,1.65,4.3,5.55
E1,04/11/17,Aston Villa,Sheffield Weds,1,2,A,0,2,A,G Eltringham,12,9,4,2,8,12,6,2,0,1,0,0,2.1,3.5,3.75,1.95,3.5,3.7,2.05,3.35,3.4,2.1,3.4,3.5,2.13,3.6,3.65,2.1,3.3,3.5,2.15,3.5,3.6,35,2.15,2.08,3.6,3.41,3.8,3.51,34,1.98,1.9,1.95,1.88,17,-0.25,1.84,1.81,2.1,2.06,2.06,3.66,3.82
E1,04/11/17,Barnsley,Birmingham,2,0,H,1,0,H,J Linington,17,10,6,3,7,13,8,2,0,2,0,0,2.39,3.5,3.1,2.45,3.4,2.7,2.35,3.35,2.8,2.4,3.3,2.87,2.47,3.5,2.98,2.4,3.3,2.9,2.5,3.5,2.9,35,2.55,2.41,3.5,3.35,3.1,2.87,34,1.91,1.85,2,1.93,17,-0.25,2.14,2.1,1.81,1.77,2.4,3.53,3.12
E1,04/11/17,Bolton,Norwich,2,1,H,2,0,H,S Martin,17,16,6,4,16,10,4,5,4,2,0,0,3.75,3.6,2.1,3.5,3.5,2,3.35,3.4,2.05,3.3,3.4,2.1,3.55,3.57,2.16,3.75,3.3,2.05,3.5,3.6,2.15,35,3.75,3.47,3.6,3.43,2.16,2.08,34,1.95,1.85,2.02,1.93,17,0.5,1.8,1.76,2.2,2.11,3.76,3.59,2.1
E1,04/11/17,Brentford,Leeds,3,1,H,1,0,H,S Attwell,18,13,6,7,8,14,5,2,3,2,0,0,1.9,3.79,4.2,1.87,3.7,3.8,1.85,3.7,3.7,1.91,3.7,3.75,1.93,3.77,4.15,1.91,3.5,4,1.95,3.8,3.9,35,1.95,1.9,3.9,3.65,4.2,3.86,30,1.67,1.62,2.38,2.24,17,-0.5,1.95,1.9,2,1.95,2.01,3.87,3.78
E1,04/11/17,Bristol City,Cardiff,2,1,H,1,1,D,M Jones,14,15,6,3,17,11,11,3,3,2,0,1,2.6,3.39,2.89,2.35,3.3,2.9,2.4,3.25,2.85,2.45,3.25,2.87,2.58,3.4,2.92,2.5,3.3,2.8,2.5,3.4,3,35,2.6,2.46,3.4,3.29,3,2.86,34,2.03,1.95,1.88,1.83,17,-0.25,2.16,2.11,1.81,1.76,2.69,3.42,2.81
E1,04/11/17,Derby,Reading,2,4,A,0,2,A,K Stroud,13,8,4,5,20,12,9,0,4,3,0,0,1.85,3.6,4.75,1.75,3.5,4.6,1.75,3.4,4.5,1.8,3.4,4.75,1.82,3.61,5.02,1.83,3.4,4.5,1.8,3.7,5,35,1.85,1.8,3.7,3.47,5.02,4.62,33,2.26,2.14,1.75,1.68,17,-0.75,2.09,2.04,1.88,1.82,1.77,3.7,5.41
E1,04/11/17,Ipswich,Preston,3,0,H,1,0,H,A Madley,11,12,5,3,11,8,2,1,1,3,0,0,2.75,3.39,2.7,2.75,3.2,2.55,2.65,3.25,2.5,2.7,3.3,2.55,2.8,3.51,2.61,2.7,3.1,2.7,2.8,3.4,2.63,35,2.8,2.7,3.51,3.3,2.7,2.58,34,2,1.91,1.97,1.86,17,0,2.03,1.99,1.94,1.87,2.73,3.5,2.72
E1,04/11/17,Millwall,Burton,0,1,A,0,0,D,T Harrington,12,2,2,1,10,16,5,1,1,2,1,0,1.61,4,6.25,1.57,3.8,5.75,1.6,3.8,5.5,1.6,3.75,5.75,1.62,4.07,6.23,1.67,3.6,5.5,1.65,4,6,35,1.67,1.61,4.07,3.8,6.32,5.7,34,2.05,1.96,1.9,1.81,18,-1,2.19,2.11,1.8,1.75,1.81,3.67,5.12
E1,04/11/17,Nott'm Forest,QPR,4,0,H,2,0,H,T Robinson,18,14,6,2,13,7,6,3,1,1,0,0,2.39,3.6,3,2.35,3.4,2.85,2.3,3.45,2.8,2.35,3.5,2.8,2.41,3.58,3.02,2.4,3.2,3,2.45,3.6,2.9,35,2.45,2.36,3.6,3.43,3.1,2.9,33,1.76,1.7,2.24,2.11,17,-0.25,2.12,2.07,1.87,1.8,2.46,3.5,3.05
E1,04/11/17,Sheffield United,Hull,4,1,H,0,1,A,D Bond,16,7,6,2,6,13,10,0,1,2,0,0,1.8,3.79,4.75,1.78,3.6,4.33,1.8,3.55,4.15,1.83,3.5,4.25,1.87,3.71,4.52,1.85,3.5,4.33,1.87,3.8,4.4,35,1.87,1.83,3.8,3.56,4.75,4.29,34,1.94,1.88,1.98,1.9,17,-0.5,1.89,1.83,2.07,2.03,1.82,3.87,4.72
E1,05/11/17,Middlesbrough,Sunderland,1,0,H,1,0,H,J Simpson,6,10,4,3,13,17,1,5,1,4,0,0,1.66,3.75,6.5,1.65,3.6,5.5,1.65,3.55,5.25,1.67,3.5,5.25,1.7,3.77,5.86,1.67,3.6,5.5,1.7,3.8,5.75,35,1.7,1.67,3.9,3.63,6.5,5.43,33,2.16,2.06,1.79,1.73,17,-0.75,1.93,1.88,2.01,1.97,1.84,3.63,4.96
E1,17/11/17,Burton,Sheffield United,1,3,A,1,2,A,O Langford,9,14,3,5,11,10,4,5,1,0,0,0,4.5,3.6,1.9,4.4,3.5,1.87,4.1,3.35,1.85,4.5,3.5,1.91,4.67,3.6,1.89,4,3.5,1.91,4.5,3.6,1.9,36,4.67,4.32,3.6,3.48,1.93,1.86,32,2.19,2.09,1.8,1.72,18,0.5,2.07,2.01,1.89,1.84,4.84,3.65,1.85
E1,17/11/17,Preston,Bolton,0,0,D,0,0,D,S Hooper,12,9,4,3,13,12,5,6,2,3,0,0,2,3.5,4.2,1.95,3.4,4.1,1.93,3.4,3.75,2,3.5,3.8,2.04,3.58,3.99,1.85,3.5,4.2,2.05,3.6,3.9,36,2.05,1.97,3.6,3.45,4.2,3.87,32,1.99,1.9,1.97,1.89,19,-0.5,2.04,1.99,1.95,1.87,1.89,3.59,4.66
E1,18/11/17,Birmingham,Nott'm Forest,1,0,H,1,0,H,C Kavanagh,15,13,3,4,10,9,5,12,2,2,0,0,2.54,3.5,2.89,2.45,3.25,2.8,2.35,3.25,2.8,2.45,3.3,2.87,2.56,3.45,2.9,2.5,3.3,2.8,2.5,3.5,2.9,36,2.6,2.46,3.5,3.31,2.95,2.84,35,1.99,1.88,1.96,1.88,17,0,1.85,1.79,2.12,2.07,2.64,3.46,2.83
E1,18/11/17,Cardiff,Brentford,2,0,H,2,0,H,A Madley,13,25,7,7,16,10,3,10,2,0,0,0,2.25,3.5,3.39,2.1,3.4,3.3,2.1,3.4,3.2,2.15,3.4,3.25,2.2,3.57,3.44,2.2,3.3,3.3,2.2,3.5,3.4,36,2.25,2.16,3.57,3.41,3.5,3.3,34,1.84,1.78,2.08,2.01,18,-0.25,1.92,1.88,2.02,1.97,2.28,3.66,3.25
E1,18/11/17,Fulham,Derby,1,1,D,1,0,H,D Bond,12,5,2,2,13,8,10,2,1,0,0,0,2.2,3.5,3.5,2.15,3.2,3.4,2.1,3.35,3.2,2.1,3.4,3.3,2.2,3.51,3.5,2.2,3.3,3.3,2.2,3.6,3.4,36,2.25,2.16,3.6,3.39,3.5,3.33,35,1.88,1.8,2.08,1.99,19,-0.25,1.91,1.86,2.04,2,2.29,3.51,3.35
E1,18/11/17,Hull,Ipswich,2,2,D,1,1,D,D Coote,11,13,4,5,20,23,3,6,3,5,0,0,2.04,3.6,3.79,2,3.4,3.6,1.95,3.5,3.5,2,3.5,3.6,2.06,3.72,3.67,1.95,3.6,3.6,2.05,3.6,3.75,36,2.06,2,3.72,3.53,3.79,3.59,34,1.77,1.7,2.25,2.11,19,-0.5,2.06,2,1.9,1.86,2.21,3.52,3.53
E1,18/11/17,Norwich,Barnsley,1,1,D,1,0,H,S Duncan,12,17,2,6,11,7,6,5,1,2,0,0,1.75,4,5,1.7,3.9,4.5,1.7,3.85,4.3,1.73,3.8,4.5,1.73,4.13,4.88,1.75,3.5,5,1.75,4,4.8,36,1.77,1.72,4.13,3.86,5,4.61,31,1.74,1.65,2.3,2.18,18,-0.75,1.97,1.92,1.98,1.93,1.63,4.16,5.96
E1,18/11/17,QPR,Aston Villa,1,2,A,1,1,D,D England,14,26,4,6,12,12,4,6,2,3,0,0,2.75,3.29,2.79,2.65,3.3,2.6,2.6,3.2,2.6,2.65,3.2,2.65,2.68,3.36,2.82,2.7,3.2,2.62,2.7,3.4,2.75,36,2.75,2.65,3.4,3.26,2.82,2.66,34,2.06,1.98,1.87,1.79,19,0,1.94,1.9,2,1.95,2.75,3.38,2.78
E1,18/11/17,Reading,Wolves,0,2,A,0,1,A,R East,16,10,6,4,7,14,6,8,2,2,0,0,4.33,3.5,1.95,4.4,3.5,1.78,4.15,3.35,1.85,4.25,3.3,1.87,4.51,3.54,1.92,4.2,3.4,1.91,4.5,3.6,1.91,36,4.6,4.26,3.6,3.42,1.96,1.88,34,2.2,2.12,1.76,1.69,18,0.5,2.01,1.97,1.92,1.89,4.31,3.63,1.95
E1,18/11/17,Sheffield Weds,Bristol City,0,0,D,0,0,D,T Harrington,9,10,0,2,10,12,6,2,1,1,0,0,2.14,3.5,3.6,2.15,3.4,3.2,2.05,3.35,3.35,2.1,3.4,3.3,2.19,3.53,3.5,2.15,3.4,3.3,2.15,3.5,3.5,36,2.19,2.11,3.55,3.43,3.62,3.39,35,1.91,1.81,2.07,1.97,19,-0.25,1.9,1.84,2.08,2.03,2.27,3.5,3.4
E1,18/11/17,Sunderland,Millwall,2,2,D,1,2,A,T Robinson,11,11,5,3,9,17,6,2,3,0,0,0,2.29,3.39,3.39,2.2,3.25,3.2,2.15,3.25,3.2,2.25,3.2,3.25,2.3,3.31,3.46,2.3,3.2,3.2,2.3,3.4,3.4,36,2.3,2.24,3.4,3.25,3.46,3.27,34,2.2,2.06,1.8,1.73,19,-0.25,1.99,1.93,1.97,1.92,2.33,3.39,3.35
E1,19/11/17,Leeds,Middlesbrough,2,1,H,1,0,H,K Stroud,12,10,2,2,13,16,3,10,5,3,0,0,3.2,3.2,2.5,2.85,3,2.6,2.95,3,2.4,3,3.1,2.45,3.14,3.1,2.61,2.9,3,2.6,3.1,3.2,2.55,36,3.2,2.99,3.2,3.04,2.65,2.5,29,2.35,2.27,1.67,1.59,17,0,2.17,2.12,1.8,1.75,2.75,3.19,2.92
E1,21/11/17,Aston Villa,Sunderland,2,1,H,1,0,H,S Martin,8,5,5,2,11,11,2,2,0,0,0,0,1.72,3.79,5.5,1.72,3.7,4.6,1.65,3.55,4.95,1.73,3.7,5.5,1.72,3.77,5.63,1.73,3.6,5,1.67,3.75,5.5,34,1.75,1.7,3.9,3.64,5.63,5.08,28,2.12,2.02,1.84,1.76,19,-0.75,1.95,1.91,1.99,1.94,1.71,3.98,5.46
E1,21/11/17,Barnsley,Cardiff,0,1,A,0,0,D,D Coote,9,9,1,4,11,13,4,4,0,2,0,0,3.39,3.5,2.25,3.25,3.25,2.2,3.2,3.3,2.15,3.3,3.4,2.3,3.32,3.5,2.28,3.3,3.3,2.2,3.3,3.5,2.3,34,3.4,3.22,3.5,3.36,2.33,2.22,31,2.01,1.94,1.92,1.84,19,0.25,1.97,1.93,1.97,1.92,3.48,3.55,2.22
E1,21/11/17,Bolton,Reading,2,2,D,2,0,H,A Madley,15,13,4,4,18,8,6,9,2,0,0,0,2.75,3.39,2.7,2.55,3.3,2.65,2.6,3.2,2.6,2.8,3.25,2.65,2.81,3.4,2.67,2.75,3.2,2.6,2.8,3.3,2.7,34,2.81,2.7,3.4,3.25,2.75,2.64,33,2.14,2.04,1.85,1.76,19,0,2.01,1.97,1.92,1.89,1.89,3.41,2.63
E1,21/11/17,Brentford,Burton,1,1,D,0,0,D,C Kavanagh,13,4,2,1,9,12,10,5,1,1,0,0,1.44,4.75,8,1.4,4.75,6.75,1.4,4.55,6.75,1.44,4.75,7,1.45,5.05,7.32,1.44,4.5,7,1.45,4.8,7,34,1.46,1.43,5.05,4.68,8,6.82,29,1.6,1.53,2.5,2.42,19,-1.5,2.32,2.23,1.73,1.67,1.39,5.27,8.9
E1,21/11/17,Bristol City,Preston,1,2,A,0,1,A,D Bond,13,13,4,5,6,16,5,0,1,3,0,0,1.95,3.75,4,1.91,3.5,3.8,1.9,3.5,3.65,2,3.6,3.8,2,3.72,3.89,1.91,3.6,3.8,2,3.7,3.9,34,2,1.95,3.75,3.56,4,3.75,30,1.86,1.79,2.07,1.99,20,-0.5,2,1.96,1.95,1.89,1.92,3.84,4.2
E1,21/11/17,Derby,QPR,2,0,H,1,0,H,P Tierney,13,9,4,1,8,14,4,2,2,3,0,0,1.85,3.6,4.75,1.8,3.4,4.5,1.8,3.45,4.3,1.85,3.6,4.6,1.85,3.75,4.6,1.83,3.5,4.33,1.87,3.6,4.6,34,1.87,1.82,3.75,3.53,4.75,4.41,30,2.03,1.96,1.92,1.82,20,-0.5,1.86,1.81,2.09,2.04,1.86,3.77,4.61
E1,21/11/17,Millwall,Hull,0,0,D,0,0,D,J Simpson,15,18,5,2,8,18,6,4,1,2,0,0,2.2,3.5,3.5,2.1,3.3,3.4,2.1,3.3,3.35,2.15,3.5,3.5,2.22,3.56,3.41,2.2,3.3,3.3,2.2,3.4,3.5,34,2.22,2.15,3.56,3.37,3.52,3.34,30,2,1.91,1.96,1.87,20,-0.25,1.93,1.86,2.04,1.99,2.14,3.59,3.64
E1,21/11/17,Nott'm Forest,Norwich,1,0,H,0,0,D,T Harrington,11,14,6,2,17,13,5,4,1,2,0,0,2.54,3.6,2.79,2.55,3.3,2.7,2.4,3.4,2.7,2.55,3.6,2.75,2.52,3.73,2.78,2.5,3.4,2.75,2.55,3.6,2.8,34,2.6,2.48,3.73,3.47,2.8,2.71,31,1.73,1.67,2.23,2.16,19,0,1.9,1.85,2.06,2.01,2.76,3.66,2.61
E1,21/11/17,Sheffield United,Fulham,4,5,A,2,3,A,J Linington,11,9,7,7,13,8,4,3,3,4,0,0,2.14,3.6,3.5,2.05,3.4,3.5,2,3.5,3.35,2.1,3.6,3.5,2.1,3.76,3.54,2.05,3.6,3.4,2.1,3.7,3.6,34,2.15,2.07,3.76,3.53,3.6,3.42,31,1.83,1.74,2.13,2.05,20,-0.25,1.85,1.8,2.11,2.06,2.04,3.87,3.68
E1,22/11/17,Ipswich,Sheffield Weds,2,2,D,0,0,D,K Stroud,13,15,8,2,9,12,4,7,1,2,0,0,3,3.39,2.5,2.8,3.25,2.45,2.8,3.25,2.4,2.87,3.25,2.4,2.99,3.49,2.48,2.9,3.2,2.5,2.9,3.4,2.55,34,3,2.86,3.49,3.28,2.6,2.44,32,2.04,1.94,1.92,1.83,17,0,2.16,2.1,1.81,1.77,3.07,3.53,2.43
E1,22/11/17,Middlesbrough,Birmingham,2,0,H,2,0,H,D England,17,12,7,2,7,7,9,5,1,1,0,0,1.7,4,5.25,1.65,3.5,5.5,1.65,3.7,5,1.61,3.6,5.5,1.68,3.83,5.84,1.67,3.6,5.5,1.67,3.8,6,34,1.7,1.65,4,3.68,6,5.41,33,2.14,2.04,1.81,1.75,19,-1,2.29,2.21,1.74,1.67,1.63,3.82,6.86
E1,22/11/17,Wolves,Leeds,4,1,H,2,0,H,G Eltringham,12,9,7,4,12,12,1,2,0,2,0,1,1.57,4.33,6.5,1.55,4,5.75,1.55,3.95,5.75,1.57,3.8,6,1.6,4.11,6.41,1.57,4,5.5,1.62,4.1,6.25,34,1.62,1.57,4.33,3.92,6.5,5.88,33,2,1.93,1.93,1.85,20,-1,2.09,2.03,1.9,1.81,1.63,4.09,6.22
E1,25/11/17,Aston Villa,Ipswich,2,0,H,1,0,H,T Harrington,16,6,5,0,14,16,4,6,0,2,0,0,1.64,3.89,6,1.6,3.75,5.5,1.6,3.75,5.25,1.67,3.75,5.2,1.68,4.08,5.48,1.67,3.5,5.5,1.7,3.9,5.5,35,1.7,1.65,4.08,3.76,6,5.39,34,1.96,1.86,2.02,1.91,17,-0.75,1.88,1.84,2.08,2.03,1.69,3.85,5.9
E1,25/11/17,Barnsley,Leeds,0,2,A,0,2,A,A Madley,14,19,3,4,11,10,5,12,3,3,0,0,2.62,3.5,2.79,2.6,3.25,2.65,2.55,3.3,2.6,2.55,3.3,2.7,2.66,3.53,2.74,2.7,3.1,2.7,2.63,3.5,2.8,35,2.72,2.61,3.53,3.32,2.8,2.68,34,1.95,1.88,1.99,1.91,17,0,1.94,1.9,2.01,1.96,2.92,3.4,2.6
E1,25/11/17,Burton,Sunderland,0,2,A,0,0,D,D England,15,13,1,5,4,12,7,7,0,3,0,0,3,3.29,2.6,2.8,3.2,2.5,2.85,3.15,2.45,2.9,3.1,2.5,3.01,3.28,2.58,2.88,3.1,2.6,3,3.3,2.55,35,3.1,2.9,3.3,3.16,2.6,2.52,32,2.34,2.22,1.72,1.64,17,0,2.12,2.06,1.84,1.81,3.28,3.3,2.42
E1,25/11/17,Fulham,Millwall,1,0,H,1,0,H,P Tierney,16,13,5,1,15,14,10,4,0,2,0,0,1.83,4,4.33,1.85,3.5,4.1,1.8,3.7,4,1.83,3.7,4,1.87,4,4.17,1.83,3.5,4.2,1.87,4,4.2,35,1.9,1.84,4,3.71,4.33,4.08,33,1.79,1.7,2.25,2.11,18,-0.5,1.89,1.84,2.06,2.02,1.83,3.73,4.81
E1,25/11/17,Hull,Bristol City,2,3,A,1,0,H,R Jones,16,11,3,5,13,20,2,2,1,2,0,0,2.79,3.5,2.6,2.6,3.4,2.55,2.6,3.3,2.55,2.65,3.3,2.55,2.78,3.56,2.6,2.62,3.4,2.6,2.75,3.5,2.63,35,2.85,2.69,3.56,3.38,2.7,2.57,33,1.88,1.8,2.06,1.99,17,0,2.02,1.98,1.92,1.89,2.86,3.5,2.6
E1,25/11/17,Middlesbrough,Derby,0,3,A,0,1,A,S Hooper,16,13,2,8,12,10,11,6,1,2,1,0,2,3.5,4.2,2,3.25,3.8,1.95,3.25,3.85,2,3.2,3.9,2.06,3.35,4.13,2.1,3.2,3.6,2.05,3.5,4,34,2.1,2.02,3.5,3.3,4.2,3.83,32,2.33,2.22,1.69,1.63,18,-0.5,2.07,2.03,1.87,1.84,2.21,3.25,3.85
E1,25/11/17,Norwich,Preston,1,1,D,1,0,H,T Robinson,9,19,3,4,14,12,4,5,3,4,0,0,2.1,3.6,3.7,2,3.5,3.5,2,3.4,3.4,2.1,3.4,3.4,2.13,3.66,3.53,2.05,3.5,3.5,2.15,3.6,3.5,35,2.2,2.06,3.67,3.48,3.76,3.49,34,1.89,1.82,2.05,1.96,18,-0.5,2.13,2.07,1.84,1.79,2,3.52,4.2
E1,25/11/17,Reading,Sheffield Weds,0,0,D,0,0,D,D Coote,16,5,1,1,8,13,7,2,0,1,0,0,2.7,3.39,2.79,2.6,3.25,2.65,2.6,3.15,2.65,2.62,3.2,2.65,2.73,3.4,2.74,2.7,3.1,2.7,2.7,3.4,2.75,35,2.73,2.64,3.43,3.23,2.8,2.7,33,2.1,2.01,1.9,1.78,17,0,1.96,1.91,2,1.95,2.64,3.52,2.8
E1,25/11/17,Sheffield United,Birmingham,1,1,D,0,1,A,J Simpson,12,3,2,2,9,12,9,1,1,4,0,0,1.61,4,6.5,1.6,3.8,5.5,1.55,3.8,5.5,1.6,3.8,5.8,1.6,4.06,6.46,1.6,4,5.5,1.62,4,6.25,35,1.65,1.59,4.1,3.86,6.5,5.8,34,2.05,1.93,1.94,1.85,19,-1,2.1,2.04,1.87,1.81,1.6,4.15,6.42
E1,25/11/17,Wolves,Bolton,5,1,H,2,0,H,K Stroud,15,11,8,5,17,12,7,4,2,2,0,0,1.33,5.25,12,1.33,5.25,7.75,1.3,4.65,9.25,1.33,4.8,9.5,1.33,5.41,11.25,1.33,4.75,9.5,1.36,5.25,10,35,1.36,1.33,5.5,4.94,12,9.58,34,1.83,1.75,2.17,2.05,18,-1.25,1.84,1.79,2.15,2.08,1.29,5.55,14.15
E1,26/11/17,Nott'm Forest,Cardiff,0,2,A,0,2,A,P Bankes,12,9,2,2,10,10,8,4,1,2,0,0,2.62,3.5,2.79,2.65,3.25,2.6,2.6,3.25,2.6,2.65,3.25,2.62,2.68,3.44,2.77,2.75,3.2,2.6,2.7,3.5,2.7,34,2.8,2.66,3.5,3.28,2.79,2.64,32,2.04,1.94,1.92,1.84,16,0,1.98,1.94,1.98,1.92,2.63,3.36,2.92
E1,27/11/17,QPR,Brentford,,,,,,,,,,,,,,,,,,,,3.1,3.5,2.37,2.95,3.25,2.35,2.85,3.45,2.3,2.8,3.5,2.35,2.85,3.73,2.46,2.75,3.6,2.4,2.88,3.6,2.38,33,3.1,2.87,3.73,3.49,2.46,2.36,29,1.73,1.64,2.29,2.19,15,0.25,1.86,1.8,2.14,2.07,,,
